"Товары","Продажи","Запасы","Цена","Клиенты"
"MacBook Pro 16 M1 Pro 16 512 (Space Grey)","87","43","190990","Николаева Наталья"
"Macbook Pro 14 M3 Pro 18 512 (Space Black)","74","15","279990","Кузнецова Анна"
"MacBook Air 13 M1 8 256 (Gold)","222","1","114990","Смирнов Алексей"
"MacBook Air 13 M2 8 256 (Silver)","74","1","159990","Федорова Ольга"
"MacBook Air 13 M2 8 256 (Midnight)","74","148","159990","Петров Петр"
"MacBook Pro 14 M1 Pro 16 512 (Space Grey)","5","91","212990","Кузнецова Анна"
"MacBook Air 13 M1 8 256 (Space Grey)","222","249","114990","Иванов Иван"
"Macbook Pro 16 M3 Max 36 1 (Space Black)","22","13","489990","Иванов Иван"
"MacBook Air 13 M2 8 256 (Space Grey)","74","82","159990","Михайлов Михаил"
"Macbook Pro 14 M3 Pro 18 1 (Space Black)","34","13","334990","Михайлов Михаил"
"MacBook Air 13 M1 8 256 (Space Grey)","6","262","114990","Волков Владимир"
"MacBook Pro 16 M1 Pro 32 512 (Space Grey)","2","43","299990","Кузнецова Анна"
"Macbook Pro 16 M3 Pro 36 512 (Silver)","41","13","405990","Сидоров Сидор"
"MacBook Air 13 M2 8 256 (Starlight)","74","65","159990","Волков Владимир"
"MacBook Pro 14 M3 16 1 (Space Grey)","3","6","275990","Попова Мария"
"Macbook Pro 16 M3 Pro 18 512 (Space Black)","56","19","349990","Волков Владимир"
"Macbook Pro 14 M3 Max 36 1 (Space Black)","31","21","449990","Попова Мария"
"MacBook Air 15 M2 8 512 (Silver)","58","27","189990","Кузнецова Анна"
"MacBook Air 15 M2 8 256 (Space Grey)","50","23","179990","Николаева Наталья"
"Macbook Pro 16 M3 Pro 36 512 (Space Black)","41","25","405990","Кузнецова Анна"
"Macbook Pro 14 M3 8 512 (Silver)","18","14","229990","Михайлов Михаил"
"Macbook Pro 14 M3 Max 36 1 (Silver)","31","19","449990","Сидоров Сидор"
"MacBook Air 15 M2 8 512 (Midnight)","98","40","189990","Николаева Наталья"
"Macbook Pro 16 M3 Max 36 1 (Silver)","22","10","489990","Иванов Иван"
"MacBook Air 13 M2 8 512 (Midnight)","37","102","199990","Петров Петр"
"MacBook Pro 16 M3 Max 64 1 (Space Black)","2","2","552990","Петров Петр"
"MacBook Pro 14 M3 18 512 MRX33","99","1","296000","Смирнов Алексей"
"MacBook Pro 14 M3 16 1 (Silver)","3","10","275990","Николаева Наталья"
"Macbook Air 13 M3 8 512 (Space Grey)","0","12","199990","Федорова Ольга"
"MacBook Pro 13 M2 8 512 (Silver)","12","11","199990","Попова Мария"
"Macbook Pro 16 M3 Pro 18 512 (Silver)","56","25","349990","Сидоров Сидор"
"MacBook Air 15 M3 16 512 (Space Grey)","0","5","249990","Федорова Ольга"
"MacBook Pro 16 M3 Max 128 1 (Space Black)","4","4","658390","Волков Владимир"
"Macbook Pro 14 M3 8 512 (Space Grey)","18","13","229990","Николаева Наталья"
"MacBook Pro 16 M3 Max 48 1024 MUW63","99","1","553000","Иванов Иван"
"Macbook Air 13 M3 8 512 (Starlight)","0","11","199990","Николаева Наталья"
"Macbook Pro 14 M3 Max 36 1 (Silver)","31","1","459990","Михайлов Михаил"
"MacBook Air 13 M2 8 512 (Silver)","37","7","199990","Николаева Наталья"
"Macbook Pro 14 M3 Pro 18 1 (Silver)","34","15","334990","Попова Мария"
"MacBook Air 13 M2 8 512 (Space Grey)","37","41","199990","Попова Мария"
"Macbook Pro 14 M3 Max 64 1 (Space Black)","1","1","518990","Иванов Иван"
"Macbook Pro 14 M3 Max 64 1 (Silver)","1","2","518990","Смирнов Алексей"
"Macbook Pro 16 M3 Max 48 1 (Space Black)","18","13","559990","Сидоров Сидор"
"Macbook Pro 16 M3 Max 48 1 (Silver)","18","13","559990","Николаева Наталья"
"Macbook Pro 16 M3 Max 64 1 (Silver)","3","2","552990","Смирнов Алексей"
"MacBook Pro 16 M3 18 512 MRW13","99","3","335000","Николаева Наталья"
"MacBook Air 13 M2 16 512 (Midnight)","3","5","249990","Сидоров Сидор"
"Macbook Air 15 M3 8 512 (Silver)","5","14","219990","Иванов Иван"
"MacBook Air 13 M2 8 512 (Midnight)","37","10","199990","Николаева Наталья"
"MacBook Pro 14 M3 Max 128 1 (Space Black)","3","2","617990","Иванов Иван"
"Macbook Pro 14 M3 8 1 (Space Grey)","2","12","249990","Смирнов Алексей"
"Macbook Air 15 M3 8 256 (Starlight)","9","31","189990","Николаева Наталья"
"MacBook Pro 16 M3 18 512 MRW13","7","1","335000","Федорова Ольга"
"MacBook Pro 16 M3 Max 48 1024 MUW63","99","1","553000","Кузнецова Анна"
"MacBook Air 13 M3 2024г 24GB 1TB русская раскладка","0","2","291000","Кузнецова Анна"
"Macbook Air 15 M3 8 512 (Starlight)","5","8","219990","Кузнецова Анна"
"Macbook Air 15 M3 8 256 (Silver)","9","14","189990","Попова Мария"
"Macbook Air 15 M3 8 256 (Midnight)","9","18","189990","Попова Мария"
"Macbook Air 15 M3 8 256 (Space Grey)","9","16","189990","Кузнецова Анна"
"MacBook Air 13 M2 8 512 (Space Grey)","37","90","199990","Николаева Наталья"
"Ноутбук MacBook Air15 M3 8core 10core 8 256 SpaceGray(MRYM3)","0","5","141299","Волков Владимир"
"Ноутбук MacBook Air A2681 13.6'' Mid 2022 ENRUKBD","0","1","145999","Волков Владимир"
"Macbook Air 13"" M2, 8CPU 10GPU,22 MLY43 8 512 midnight","0","1","140390","Иванов Иван"
"MacBook Pro 16 M3 Max 48 1024 MUW73","99","1","553000","Попова Мария"
"Macbook Pro 14 M3 Мах 36 1ТБ Space Black","0","1","329990","Иванов Иван"
"MacBook Pro 14 M3 Pro 18 1024 MRX73 Silver","12","1","259990","Федорова Ольга"
"MacBook Pro 14 M3 18 512 MRX33","99","1","296000","Сидоров Сидор"
"Ноутбук MacBook Pro14 M3 Pro 11 14 core 18 4TB Silver(MRX63)","0","1","402999","Петров Петр"
"Ноутбук MacBook Pro14 M3 Pro 12 18 core 18 512 Silver(MRX73)","0","1","278999","Волков Владимир"
"Ноутбук MacBook Pro 14 M3 8 10 core 16 1TB Space Gray(MTL73)","0","1","265999","Иванов Иван"
"Ноутбук MacBook Air15 M3 8core 10core 8 512 Space Gray MRYN3","0","1","174999","Федорова Ольга"
"Macbook Pro 14 M3 8 1 (Silver)","2","12","249990","Кузнецова Анна"
"Ноутбук MacBook Air15 M3 8core 10core 8 256 SpaceGray(MRYM3)","0","5","141299","Иванов Иван"
"Macbook Air 15 M3 16 512 (Starlight)","20","2","249990","Федорова Ольга"
"MacBook Air 13 M2 8 256 (Space Grey)","74","3","169990","Михайлов Михаил"
"Macbook Pro 14' M3 Pro 36GB 512GB (11 CPU, 14 GPU)","0","1","345000","Кузнецова Анна"
"Ноутбук MacBook Pro A2485 M1 Pro 10 core 16Gb SSD512Gb","0","53","189990","Иванов Иван"
"Ноутбук MacBook Pro A2918 M3 8 core 8Gb SSD512Gb","0","9","173459","Смирнов Алексей"
"MacBook Pro 14 RAM 64 ГБ, SSD 4 ТБ silver ру клавиатура","0","2","560000","Смирнов Алексей"
"Ноутбук MacBook Pro14 M3 Pro 12 18 core 36 1TB Black(MRX43)","0","2","352999","Смирнов Алексей"
"Ноутбук MacBook Pro14 M3 Pro 12 18 core 18 512 Black(MRX43)","0","1","278999","Иванов Иван"
"Ноутбук MacBook Pro14 M3 Pro 12 18 core 18 512 Silver(MRX73)","0","1","278999","Федорова Ольга"
"Ноутбук MacBook Air 15 M2 8 512Gb Starlight (MQKV3)","0","3","164999","Смирнов Алексей"
"Ноутбук MacBook Pro 14"" M3 (8C CPU 10C GPU) 8 ГБ 1ТБ","0","2","336862","Иванов Иван"
"MacBook Pro 16 M3 Max 48 1024 MUW73","99","1","553000","Иванов Иван"
"MacBook Pro 16 M3 36 1024 MRW33","99","1","495000","Петров Петр"
"MacBook Pro 16 M1 Pro 16 512 (Space Grey)","0","5","161200","Волков Владимир"
"Macbook Air 15 M3 8 256 Midnight (Рус.клавиатура)","0","5","142500","Сидоров Сидор"
"Macbook Air 15 M3 8 256 Space Grey (Рус.клавиатура)","0","5","142500","Иванов Иван"
"Macbook Air 15 M3 8 256 Silver (Рус.клавиатура)","0","5","142500","Попова Мария"
"Macbook Air 13 M3 8 512 (Midnight)","12","4","199990","Сидоров Сидор"
"Macbook Air 15 M3 16 512 (Silver)","20","10","249990","Михайлов Михаил"
"Macbook Air 13 M3 8 512 (Silver)","12","9","199990","Смирнов Алексей"
"MacBook Pro 16 M3 Max 128 1 (Silver)","4","6","658390","Попова Мария"
"MacBook Air 13 M2 8 512 (Starlight)","37","11","199990","Петров Петр"
"MacBook Pro 14 M3 18 512 MRX63","99","1","312000","Сидоров Сидор"
"Ноутбук 13.6"" M3 8 core 4ГГц MacOS 8ГБ 256ГБ синий","0","52","129990","Сидоров Сидор"
"MacBook Air 13 M3 2024г 24GB 2TB русская раскладка","0","2","380000","Петров Петр"
"Macbook Air 15 M3 16 512","0","10","244196","Сидоров Сидор"
"14.2"" Ноутбук MacBook Pro 14 M3 2023 8+512 ГБ","0","10","200864","Сидоров Сидор"
"MacBook Air 13 M3 2024г 24GB 2TB русская раскладка","0","2","351000","Федорова Ольга"
"MacBook Air 13 M3 2024г 16GB 1TB русская раскладка","0","2","270000","Волков Владимир"
"MacBook Air 15 2024 (M3, 8C CPU 10C GPU), 16GB, 512GB SSD","0","2","233000","Петров Петр"
"MacBook Air 15 2024 M3, 16GB, 512GB сияющая звезда","0","2","233000","Попова Мария"
"MacBook Air 15 2024 (M3, 8C CPU 10C GPU), 16GB, 512GB SSD","0","2","233000","Петров Петр"
"MacBook Air 15 М3 16GB 512GB русская раскладка","0","2","247000","Петров Петр"
"Ноутбук MacBook Air 15 M2 8 512Gb Starlight (MQKV3)","0","3","164999","Петров Петр"
"MacBook Pro 14 RAM 64 ГБ,SSD 2 ТБ silver ру клавиатура","0","2","470000","Федорова Ольга"
"Ноутбук MacBook Pro14 M3 Max 16 40core 128 2TB Silver(MRX83)","0","1","640999","Федорова Ольга"
"Ноутбук MacBook Pro14 M3 Max 14 30 core 96 2TB Black(MRX53)","0","1","552999","Сидоров Сидор"
"Ноутбук MacBook Pro14 M3 Max 14 30 core 96 2TB Black(MRX53)","0","1","552999","Петров Петр"
"Ноутбук MacBook Pro14 M3 Pro 11 14 core 18 4TB Silver(MRX63)","0","1","402999","Петров Петр"
"Ноутбук MacBook Pro 14 M3 8 10 core 16 1TB Space Gray(MTL73)","0","1","265999","Сидоров Сидор"
"Ноутбук MacBook Pro 14 M3 8 10 core 16 1TB Space Gray(MTL73)","0","1","265999","Кузнецова Анна"
"Ноутбук MacBook Air15 M3 8core 10core 8 512 Space Gray MRYN3","0","1","174999","Попова Мария"
"Ноутбук MacBook Air 15 M3 8 core 10 core 8 256 Silver(MRYP3)","0","5","149999","Михайлов Михаил"
"MacBook Pro 16 M3 36 512 MRW23","99","1","407000","Смирнов Алексей"
"MacBook Pro 16 M3 Pro 36 512 MRW23","99","1","407000","Николаева Наталья"
"14.2"" Ноутбук MacBook Pro 14 M3 2023","0","1","237778","Кузнецова Анна"
"Ноутбук MacBook Air 15 15.3"" 2880x1864 -M3 SSD 2","0","3","203459","Николаева Наталья"
"MacBook Pro 14 M3 36 1024 MRX53","99","1","528000","Сидоров Сидор"
"MacBook Pro 14 M3 18 512 MRX63","99","1","312000","Волков Владимир"
"MacBook Pro 14 M3 8 512 MTL73","99","1","223000","Смирнов Алексей"
"MacBook Air 15 M2 8 256 Midnight MQKW3","1","101","151736","Смирнов Алексей"
"MacBook Pro 16 M3 18 512 MRW13","99","3","335000","Иванов Иван"
"MacBook Pro 16 M3 Max 36 1024 MRW33","99","1","495000","Петров Петр"
"MacBook Pro 14 M3 8 512 MR7J3","99","1","223000","Сидоров Сидор"
"Macbook Pro 14 M3 Max 128 1 (Silver)","3","3","617990","Михайлов Михаил"
"Ноутбук MacBook Air 15, 2023 (MQKP3ZP A) серый космос","0","2","144999","Михайлов Михаил"
"Ноутбук MacBook Pro 16 16.2"" 3456x2234 -M1 Pro S","1","2","196816","Иванов Иван"
"Ноутбук MacBook Pro 16, серебряного цвета (MRW43_RUSG)","0","1","315999","Иванов Иван"
"Ноутбук MacBook Air 13, Midnight (MRXV3X A)","0","2","149999","Михайлов Михаил"
"Pro 16' 2023 M3 Max 16 CPU, 40 GPU 64B 1TB Рус.клавиатура","0","1","600000","Михайлов Михаил"
"16"" Ноутбук MacBook Pro 16 M3 Max 2023 36+1 ТБ, чёрный","0","10","478518","Кузнецова Анна"
"MacBook PRO 16 (2023),M2 MAX (12+38),8TB,96GB руc.раскладка","0","2","840000","Волков Владимир"
"MacBook Air 13 M3 2024г 24GB 2TB русская раскладка","0","2","351000","Сидоров Сидор"
"MacBook Air 15"" M3, 2024 г 24GB, 1TB, русская раскладка","0","2","380000","Федорова Ольга"
"MacBook Air 15"" M3, 2024 г 24GB, 1TB, русская раскладка","0","2","380000","Михайлов Михаил"
"MacBook Air 15"" M3, 2024 г 24GB, 1TB, русская раскладка","0","2","307000","Петров Петр"
"MacBook Air 13 M3 2024г 24GB 1TB русская раскладка","0","2","350000","Федорова Ольга"
"MacBook Air 13 M3 2024г 24GB 1TB русская раскладка","0","2","350000","Сидоров Сидор"
"MacBook Air 13 M3 2024г 24GB 1TB русская раскладка","0","2","350000","Иванов Иван"
"MacBook Air 15"" M3, 2024 г 24GB, 1TB, русская раскладка","0","2","307000","Петров Петр"
"MacBook Air 13 2024 M3 16GB 1TB Silver русская раскладка","0","2","242000","Михайлов Михаил"
"Macbook Air 15.3"" (M2, 8Gb, 256Gb) Space Gray Черно-серый","0","10","137900","Попова Мария"
"Pro16 2023 M3Max 16CPU,40GPU 128GB 4TB русская раскладка","0","2","880000","Иванов Иван"
"Macbook Pro 14' M3 Pro 36GB 512GB (11 CPU, 14 GPU)","0","2","325000","Сидоров Сидор"
"Ноутбук MacBook Pro14 M3 Max 16 40core 128 2TB Silver(MRX83)","0","1","640999","Михайлов Михаил"
"Ноутбук MacBook Pro14 M3 Max 16 40core 128 2TB Silver(MRX83)","0","1","640999","Михайлов Михаил"
"Ноутбук MacBook Pro14 M3 Max 14 30 core 96 2TB Black(MRX53)","0","1","552999","Иванов Иван"
"Ноутбук MacBook Pro14 M3 Pro 11 14 core 18 4TB Silver(MRX63)","0","1","402999","Иванов Иван"
"Ноутбук MacBook Pro14 M3 Pro 12 18 core 36 1TB Black(MRX43)","0","2","352999","Петров Петр"
"MacBook Air 15"" M3, 2024 г 24GB, 2TB, русская раскладка","0","2","400000","Попова Мария"
"Ноутбук MacBook Pro14 M3 Pro 12 18 core 36 1TB Black(MRX43)","0","2","352999","Николаева Наталья"
"MacBook Air 15"" M3, 2024 г 24GB, 2TB, русская раскладка","0","2","375000","Сидоров Сидор"
"MacBook Air 15"" M3, 2024 г 24GB, 2TB, русская раскладка","0","2","375000","Смирнов Алексей"
"Ноутбук MacBook Pro14 M3 Pro 12 18 core 18 512 Black(MRX43)","0","1","278999","Волков Владимир"
"Ноутбук MacBook Pro14 M3 Pro 12 18 core 18 512 Silver(MRX73)","0","1","278999","Сидоров Сидор"
"Ноутбук MacBook Pro14 M3 Pro 12 18 core 18 512 Black(MRX43)","0","1","278999","Иванов Иван"
"Ноутбук MacBook Air 15 M2 8 512Gb Starlight (MQKV3)","0","3","164999","Сидоров Сидор"
"Ноутбук MacBook Air15 M3 8core 10core 8 512 Space Gray MRYN3","0","1","174999","Смирнов Алексей"
"Ноутбук MacBook Air 15 M3 8 core 10 core 8 256 Silver(MRYP3)","0","5","149999","Волков Владимир"
"Ноутбук MacBook Air15 M3 8core 10core 8 256 SpaceGray(MRYM3)","0","5","141299","Попова Мария"
"Ноутбук MacBook Air 15 M3 8 core 10 core 8 256 Silver(MRYP3)","0","5","149999","Волков Владимир"
"Pro 14' 2023 M3 Max 16 CPU, 40 GPU 64GB 1TB Space Black","0","2","545000","Попова Мария"
"MacBook Pro 16 M3 Max 48 1024 MUW63","7","1","553000","Николаева Наталья"
"MacBook Air 13 M1 8 256 (Space Grey)","0","1","85000","Кузнецова Анна"
"Macbook Air 15 M3 8 512","0","10","207282","Волков Владимир"
"Macbook Air 15 M3 8 256","0","10","189627","Попова Мария"
"Macbook Air 15 M3 8 256","0","10","184813","Сидоров Сидор"
"Ноутбук MacBook Pro 13,3"" 2022 M2 8 512GB Silver","1","1","148784","Сидоров Сидор"
"Ноутбук MacBook Air15 M3 8core 10core 8 256 SpaceGray(MRYM3)","0","5","141299","Кузнецова Анна"
"MacBook Pro 14 M3 36 1024 MRX83","99","1","528000","Федорова Ольга"
"Легкий ноутбук MacBook Pro 16 M1 2021 A2485 75Z14","1","2","241000","Кузнецова Анна"
"MacBook Pro 16 M3 Max 36 1024 MRW73","99","1","492000","Иванов Иван"
"Ноутбук 15-inch MacBook Air (MQKP3LL A)","0","1","140999","Кузнецова Анна"
"Ноутбук MacBook Air 13.6'' A2681 Mid 2022 (MLY03LL A)","0","5","147999","Попова Мария"
"Ноутбук MacBook Air 13.3'' MGN63LL A, Space Grey","0","17","85999","Федорова Ольга"
"Ноутбук MacBook Air 13 Late 2020 MGND3LL A, Gold","0","22","85999","Сидоров Сидор"
"Ноутбук MacBook Air 13, Silver (MRXR3ZP A)","0","5","164999","Михайлов Михаил"
"Pro16 2023 M3Max 16CPU,40GPU 128GB 4TB русская раскладка","0","2","880000","Михайлов Михаил"
"Pro 14' 2023 M2Max(12+30) 64GB 8TB русская раскладка","0","2","610000","Иванов Иван"
"Pro 16' 2023 M2 Max 96GB 4TB русская раскладка","0","2","599000","Кузнецова Анна"
"Pro 16' 2023 M2 Max 96GB 4TB русская раскладка","0","2","670000","Сидоров Сидор"
"Ноутбук MacBook Air 13'' Midnight (MRXW3ZP A)","0","2","164999","Иванов Иван"
"Macbook Air 13"" (M3, 16Gb, 512Gb) Midnight Темно-синий","0","10","197800","Сидоров Сидор"
"Macbook Air 13"" (M3, 16Gb, 512Gb) Silver Серебристый","0","10","197800","Попова Мария"
"Macbook Air 13"" (M3, 16Gb, 512Gb) Midnight Темно-синий","0","10","197800","Смирнов Алексей"
"Macbook Air 13"" (M3, 16Gb, 512Gb) Space Gray Черно-серый","0","10","197800","Федорова Ольга"
"Macbook Air 13"" (M3, 16Gb, 512Gb) Space Gray Черно-серый","0","10","197800","Николаева Наталья"
"Macbook Air 13"" (M3, 16Gb, 512Gb) Silver Серебристый","0","10","197800","Федорова Ольга"
"Macbook Air 13"" (M3, 8Gb, 512Gb) Silver Серебристый","0","10","161000","Смирнов Алексей"
"Macbook Air 13"" (M3, 8Gb, 512Gb) Silver Серебристый","0","10","161000","Иванов Иван"
"Macbook Air 15.3"" (M2, 8Gb, 512Gb) Space Gray Черно-серый","0","10","159700","Федорова Ольга"
"Macbook Air 15.3"" (M2, 8Gb, 512Gb) Midnight Темно-синий","0","10","159700","Николаева Наталья"
"Macbook Air 15.3"" (M2, 8Gb, 512Gb) Space Gray Черно-серый","0","10","159700","Смирнов Алексей"
"Macbook Air 15.3"" (M2, 8Gb, 256Gb) Space Gray Черно-серый","0","10","137900","Федорова Ольга"
"Macbook Air 13"" (M3, 8Gb, 256Gb) Midnight Темно-синий","0","10","132000","Волков Владимир"
"Macbook Air 13"" (M3, 8Gb, 256Gb) Starlight Золотистый","0","10","129400","Петров Петр"
"Ноутбук MacBook Air 15 2023 M2","0","1","143490","Попова Мария"
"Ноутбук MacBook Air 13 2022 M2","0","1","142490","Сидоров Сидор"
"Macbook Air 13"" (M3, 16Gb, 512Gb) Space Gray Черно-серый","0","10","197800","Михайлов Михаил"
"Macbook Air 13"" (M3, 16Gb, 512Gb) Silver Серебристый","0","10","197800","Смирнов Алексей"
"Macbook Air 13"" (M3, 16Gb, 512Gb) Midnight Темно-синий","0","10","197800","Федорова Ольга"
"Macbook Air 13"" (M3, 8Gb, 512Gb) Silver Серебристый","0","10","161000","Волков Владимир"
"14.2"" Ноутбук MacBook Pro 14 M3 Max 2023","0","10","454445","Николаева Наталья"
"14.2"" Ноутбук MacBook Pro 14 M3 Pro 2023","0","10","329259","Сидоров Сидор"
"15.3"" Ноутбук MacBook Air 15 M3 2024 8+512 ГБ","0","10","215306","Попова Мария"
"14"" Ноутбук MacBook Pro, M3 Pro, RAM 36 ГБ","0","1","377450","Иванов Иван"
"Ноутбук MacBook Air 15 15.3"" 2023 M2 8 512GB Grey","1","4","141971","Николаева Наталья"
"Macbook Pro 16 M3 Max 36 1TB Space Black англ.клавиатура","1","98","385000","Петров Петр"
"MacBook Pro 16"" M1 Pro 16 512Gb, Silver","1","4","199999","Михайлов Михаил"
"Ноутбук MacBook Air 15,3'' M3 8 512GB Starlight MRYT3","0","1","167214","Федорова Ольга"
"Ноутбук MacBook Air 13,6"" M3 16 512GB Midnight MXCV3","0","1","164136","Михайлов Михаил"
"Ноутбук MacBook Air 15,3'' M2 8 512GB Silver MQKT3","0","1","144343","Петров Петр"
"Ноутбук MacBook Air A3113 M3 8 core 16Gb","0","23","204375","Смирнов Алексей"
"Ноутбук MacBook Air A3113 M3 8 core 8Gb","0","58","153625","Волков Владимир"
"Ноутбук MacBook Air 15 M2 8 512Gb Starlight (MQKV3)","0","3","164999","Николаева Наталья"
"Ноутбук MacBook Air 13 M2 8 10 core 16 256GB Space Gray","0","5","127999","Николаева Наталья"
"Ноутбук MacBook Air 13.6'' A2681 Mid 2022 (MLXY3LL A)","0","2","124999","Сидоров Сидор"
"MacBook Pro 14 M3 36 1024 MRX53","7","1","528000","Михайлов Михаил"
"MacBook Pro 16 M3 Pro 36 1024 MRW33","7","1","495000","Иванов Иван"
"MacBook Pro 14 M3 Pro 18 512 MRX33","7","1","296000","Михайлов Михаил"
"Macbook Air 13"" (M3, 16Gb, 512Gb) Starlight Золотистый","0","10","197800","Николаева Наталья"
"Macbook Air 13"" (M3, 16Gb, 512Gb) Starlight Золотистый","0","10","197800","Сидоров Сидор"
"Macbook Air 13"" (M3, 8Gb, 512Gb) Space Gray Черно-серый","0","10","161000","Петров Петр"
"Macbook Air 15.3"" (M2, 8Gb, 512Gb) Starlight Золотистый","0","10","160300","Сидоров Сидор"
"Macbook Air 13"" (M2, 8Gb, 512Gb) Midnight Темно-синий","0","10","145200","Попова Мария"
"Macbook Air 13"" (M2, 8Gb, 512Gb) Midnight Темно-синий","0","10","145200","Смирнов Алексей"
"Macbook Air 15.3"" (M2, 8Gb, 256Gb) Midnight Темно-синий","0","10","137900","Николаева Наталья"
"Macbook Air 15.3"" (M2, 8Gb, 256Gb) Space Gray Черно-серый","0","10","137900","Смирнов Алексей"
"Macbook Air 15.3"" (M2, 8Gb, 256Gb) Midnight Темно-синий","0","10","137900","Кузнецова Анна"
"Macbook Air 15.3"" (M2, 8Gb, 256Gb) Starlight Золотистый","0","10","137300","Кузнецова Анна"
"Macbook Air 13"" (M3, 8Gb, 256Gb) Midnight Темно-синий","0","10","132000","Петров Петр"
"Macbook Air 13"" (M3, 8Gb, 256Gb) Starlight Золотистый","0","10","129400","Смирнов Алексей"
"Macbook Air 13"" (M2, 8Gb, 256Gb) Midnight Темно-синий","0","10","112300","Смирнов Алексей"
"Macbook Air 13"" (M2, 8Gb, 256Gb) Starlight Золотистый","0","10","112300","Смирнов Алексей"
"Macbook Air 13"" (M2, 8Gb, 256Gb) Silver Серебристый","0","10","112300","Михайлов Михаил"
"Macbook Air 13 Late 2020 MGND3 gold золотой","0","10","87700","Петров Петр"
"Macbook Air 13"" (M1, 8Gb, 256Gb) Silver Серебристый","0","10","87700","Смирнов Алексей"
"Macbook Air 13 Late 2020 MGN63 space gray космический серый","0","11","85600","Сидоров Сидор"
"Macbook Air 13 Late 2020 MGN63 space gray космический серый","0","11","85600","Волков Владимир"
"Ноутбук MacBook Air 15 2024 M3","0","3","195690","Волков Владимир"
"Ноутбук MacBook Pro 14"" 2023 M3","0","3","171390","Николаева Наталья"
"Ноутбук MacBook Air 15 2024 M3","0","3","169390","Волков Владимир"
"Ноутбук MacBook Air A3113 M3 8 core 8Gb SSD256Gb","0","54","158840","Кузнецова Анна"
"MacBook Pro 14 M3 18 512 MRX33","7","1","296000","Иванов Иван"
"Macbook Air 13"" (M3, 16Gb, 512Gb) Starlight Золотистый","0","10","197800","Михайлов Михаил"
"Ноутбук MacBook Pro 16,2 M2 Pro 12-core 16 Гб 512 Гб","0","734","265070","Михайлов Михаил"
"Macbook Air 15 M3 16 512","0","10","242590","Петров Петр"
"Macbook Air 15 M3 16 512","0","10","239381","Петров Петр"
"Ноутбук MacBook Air, 13","0","10","237766","Смирнов Алексей"
"Ноутбук MacBook Air, 13","0","10","224926","Иванов Иван"
"Ноутбук MacBook Air, 13","0","10","224926","Смирнов Алексей"
"Ноутбук MacBook Air, 13''(MXCT3ZP A)","0","10","224926","Петров Петр"
"14.2"" Ноутбук МacBook Pro 14 M3 2023","0","10","208889","Иванов Иван"
"Macbook Air 15 M3 8 256","0","10","188023","Михайлов Михаил"
"Ноутбук MacBook Pro 16 16.2"" 3456x2234 -M2 Pro S","0","3","290020","Федорова Ольга"
"Ноутбук MacBook Pro 14 A2918 14.2"" 3024x1964 -M3","0","3","239426","Смирнов Алексей"
"Ноутбук MacBook Pro 14 A2918 14.2"" 3024x1964 -M3","0","3","197402","Михайлов Михаил"
"13.6"" Ноутбук MacBook Air 13 2022, M2","0","10","194130","Сидоров Сидор"
"Ноутбук MacBook Air MXCR3LL A, 13,6""","0","1","189970","Иванов Иван"
"13.6"" Ноутбук MacBook Air 13 2022, M2","0","18","166430","Михайлов Михаил"
"Ноутбук MacBook Air 15 15.3"" 2023 M2 8 512GB Grey","0","4","141971","Петров Петр"
"15.3"" Ноутбук MacBook Air 15 M3 2024 8+512 ГБ","0","10","222912","Попова Мария"
"Macbook Air 15 M3 8 512 (Silver)","0","10","214631","Михайлов Михаил"
"Macbook Air 15 M3 8 256","0","10","194760","Кузнецова Анна"
"MacBook Air 15 M3 8 256","0","10","191447","Николаева Наталья"
"Macbook Air 15 M3 8 256 (Silver)","0","10","191447","Михайлов Михаил"
"MacBook Air 15 M3 16 512 Space Gray 2024 англ.клавиатура","0","100","190000","Михайлов Михаил"
"Macbook Air 13 M1 8 256 Silver рус.клавиатура","1","100","87000","Петров Петр"
"Ноутбук MacBook Pro A2991 M3 Pro 12 core 18Gb","0","15","402218","Петров Петр"
"Ноутбук MacBook Pro A2992 M3 Pro 11 core 36Gb","0","8","362375","Смирнов Алексей"
"Ноутбук MacBook Pro A2780 M2 Pro 12 core 16Gb","0","188","266125","Смирнов Алексей"
"Ноутбук MacBook Pro A2780 M2 Pro 12 core 16Gb","0","161","262375","Смирнов Алексей"
"Ноутбук MacBook Pro A2918 M3 8 core 16Gb","0","138","249875","Кузнецова Анна"
"Ноутбук MacBook Air A3114 M3 8 core 16Gb","0","42","247488","Иванов Иван"
"Ноутбук MacBook Air A3114 M3 8 core 16Gb","0","37","247488","Кузнецова Анна"
"MacBook Air 15 M3 16 512 Space Gray 2024 рус.клавиатура","0","99","190000","Петров Петр"
"AppleMacBook Air 13 M2 256 ГБ Starlight английская раскладка","0","3","250990","Федорова Ольга"
"MacBook Air 13 M2, 256 ГБ серый, английская раскладка","0","3","250990","Федорова Ольга"
"14.2"" Ноутбук MacBook Pro 14 M3 Max 2023 36+1 ТБ","0","10","469663","Смирнов Алексей"
"16"" Ноутбук MacBook Pro 16 M3 Pro 2023 18+512 ГБ","0","10","338836","Петров Петр"
"14.2"" Ноутбук MacBook Pro 14 M3 2023 8+512 ГБ","0","10","208008","Волков Владимир"
"MacBook Air 13 M2, 256 ГБ Silver, английская раскладка","0","3","250990","Петров Петр"
"Macbook Air 13, M1, 256 ГБ серый космос","0","3","227990","Попова Мария"
"Macbook Air 13, M1, 256 ГБ золотой","0","3","227990","Кузнецова Анна"
"Macbook Air 13, M1, 256 ГБ серебристый","0","3","227990","Кузнецова Анна"
"MacBook Air 13 M3 8 512 (Space Grey)","1","2","207990","Михайлов Михаил"
"Ноутбук MacBook Pro 14 M3 Max Silver","0","1","341631","Михайлов Михаил"
"Ноутбук MacBook Pro 13M2 8 512GB Silver","0","1","175341","Михайлов Михаил"
"MacBook Pro 14 M3 18 512 MRX63","7","1","312000","Кузнецова Анна"
"Macbook Pro 14 M3 8 512 (Space Grey)MTL73","0","2","185990","Николаева Наталья"
"Macbook Pro 14 M3 8 512(Silver)MR7J3","0","2","185990","Волков Владимир"
"MacBook Air 15 M3 8 256 (Starlight)MQKU3","0","2","163990","Петров Петр"
"MacBook Air 15 M3 8 256(Space Grey)MQKP3","0","2","163990","Смирнов Алексей"
"Macbook Air 13"" (M3, 16Gb, 512Gb) Starlight Золотистый","0","10","197800","Попова Мария"
"Macbook Air 15.3"" (M3, 8Gb, 512Gb) Silver Серебристый","0","10","178100","Михайлов Михаил"
"Macbook Air 15.3"" (M3, 8Gb, 512Gb) Silver Серебристый","0","10","178100","Попова Мария"
"Macbook Air 15.3"" (M3, 8Gb, 512Gb) Space Gray Черно-серый","0","10","176100","Волков Владимир"
"Macbook Air 15.3"" (M3, 8Gb, 512Gb) Space Gray Черно-серый","0","10","176100","Сидоров Сидор"
"Macbook Air 13"" (M3, 8Gb, 512Gb) Space Gray Черно-серый","0","10","161000","Кузнецова Анна"
"Macbook Air 13"" (M3, 8Gb, 512Gb) Silver Серебристый","0","10","161000","Николаева Наталья"
"Macbook Air 13"" (M3, 8Gb, 512Gb) Space Gray Черно-серый","0","10","161000","Волков Владимир"
"Macbook Air 15.3"" (M2, 8Gb, 512Gb) Starlight Золотистый","0","10","160300","Смирнов Алексей"
"Macbook Air 15.3"" (M2, 8Gb, 512Gb) Space Gray Черно-серый","0","10","159700","Смирнов Алексей"
"Macbook Air 15.3"" (M2, 8Gb, 512Gb) Midnight Темно-синий","0","10","159700","Иванов Иван"
"Macbook Air 15.3"" (M3, 8Gb, 256Gb) Starlight Золотистый","0","10","158300","Николаева Наталья"
"Macbook Air 15.3"" (M3, 8Gb, 256Gb) Midnight Темно-синий","0","10","158300","Иванов Иван"
"Macbook Air 15.3"" (M3, 8Gb, 256Gb) Space Gray Черно-серый","0","10","158300","Николаева Наталья"
"Macbook Air 15.3"" (M3, 8Gb, 256Gb) Silver Серебристый","0","10","158300","Попова Мария"
"Macbook Air 15.3"" (M3, 8Gb, 256Gb) Starlight Золотистый","0","10","158300","Попова Мария"
"Macbook Air 15.3"" (M3, 8Gb, 256Gb) Midnight Темно-синий","0","10","158300","Петров Петр"
"Macbook Air 15.3"" (M3, 8Gb, 256Gb) Space Gray Черно-серый","0","10","158300","Смирнов Алексей"
"Macbook Air 15.3"" (M3, 8Gb, 256Gb) Silver Серебристый","0","10","158300","Попова Мария"
"Macbook Air 15.3"" (M2, 8Gb, 256Gb) Starlight Золотистый","0","10","137300","Попова Мария"
"Macbook Air 13"" (M3, 8Gb, 256Gb) Midnight Темно-синий","0","10","132000","Николаева Наталья"
"Macbook Air 13"" (M2, 8Gb, 256Gb) Midnight Темно-синий","0","10","112300","Петров Петр"
"Macbook Air 13"" (M2, 8Gb, 256Gb) Silver Серебристый","0","10","112300","Николаева Наталья"
"Macbook Air 13"" (M2, 8Gb, 256Gb) Starlight Золотистый","0","10","112300","Николаева Наталья"
"Macbook Air 13"" (M2, 8Gb, 256Gb) Space Gray Черно-серый","0","10","109000","Петров Петр"
"Macbook Air 13"" (M1, 8Gb, 256Gb) Silver Серебристый","0","10","87700","Кузнецова Анна"
"Macbook Air 13 Late 2020 MGND3 gold золотой","0","10","87700","Сидоров Сидор"
"Macbook Air 13 Late 2020 MGN63 space gray космический серый","0","11","85600","Волков Владимир"
"Ноутбук MacBook Air 15 M3 8 core 10 core 8 256 Silver(MRYP3)","0","5","149999","Иванов Иван"
"Ноутбук MacBook Air 13 M2 8 10core 16 256 Starlight (MLY13)","0","5","129999","Попова Мария"
"MacBook Pro 16 M3 18 512 MRW43","99","1","440001","Николаева Наталья"
"MacBook Pro 16 M3 Max 36 1024 MRW73","99","1","492000","Волков Владимир"
"MacBook Pro 14 M3 8 512 MR7J3","99","1","223000","Волков Владимир"
"Macbook Air13 M2 512GB Gray","0","3","152300","Кузнецова Анна"
"Macbook Air 13 M3 8 256 Space Grey","0","2","138000","Волков Владимир"
"Macbook Air 13 M3 8 256 Starlight","0","2","138000","Сидоров Сидор"
"Macbook Air 13 M3 8 256 Midnight","0","2","138000","Кузнецова Анна"
"Macbook Air 13 M1 256 (Gold)","0","2","95000","Волков Владимир"
"MacBook Air 13 M1 8 256 (Silver)","0","2","95000","Федорова Ольга"
"Macbook Air 15.3"" (M3, 8Gb, 512Gb) Silver Серебристый","0","10","178100","Смирнов Алексей"
"Macbook Air 15.3"" (M3, 8Gb, 512Gb) Space Gray Черно-серый","0","10","176100","Сидоров Сидор"
"Macbook Air 13"" (M3, 8Gb, 512Gb) Space Gray Черно-серый","0","10","161000","Петров Петр"
"Macbook Air 15.3"" (M2, 8Gb, 512Gb) Starlight Золотистый","0","10","160300","Иванов Иван"
"Macbook Air 15.3"" (M3, 8Gb, 256Gb) Space Gray Черно-серый","0","10","158300","Петров Петр"
"Macbook Air 15.3"" (M3, 8Gb, 256Gb) Midnight Темно-синий","0","10","158300","Смирнов Алексей"
"Ноутбук MacBook Air 13 M2 8 512 Gb Midnight","0","2","133000","Михайлов Михаил"
"Ноутбук MacBook Air 13 M2 8 256 Gb Space Grey","0","2","119000","Иванов Иван"
"Ноутбук MacBook Air 13 M2 8 256Gb Silver","0","2","119000","Смирнов Алексей"
"Ноутбук MacBook Air 13 M2 8 256 Gb Midnight","0","2","119000","Иванов Иван"
"Ноутбук MacBook Air 13 M2 8 256 Gb Starlight","0","2","119000","Николаева Наталья"
"Ноутбук MacBook Pro 16,2 M3 Pro 12-core 18 Гб 1 Тб","0","4","377960","Петров Петр"
"MacBook Pro M3 Pro 18-Core 8 ГБ 512 ГБ","0","16","361680","Смирнов Алексей"
"MacBook Pro M3 Pro 18-Core 8 ГБ 512 ГБ","0","16","346490","Петров Петр"
"Ноутбук MacBook Air Z1BU000WZ, 15,3""","0","17","235690","Николаева Наталья"
"Ноутбук MacBook Air Z1BP000BH, 15,3""","0","1","212260","Иванов Иван"
"Ноутбук MacBook Air Z1BB00188, 13,6""","0","13","207980","Николаева Наталья"
"Ноутбук MacBook Air Z1BQ0009M, 15,3""","0","2","207980","Михайлов Михаил"
"Ноутбук MacBook Air Z15T000AZ, 13,6""","0","15","194130","Михайлов Михаил"
"Ноутбук MacBook Air Z1B600229, 13,6""","0","1","182590","Сидоров Сидор"
"Ноутбук MacBook Air Z1BP000BK, 15,3""","0","9","181440","Смирнов Алексей"
"MacBook Pro 14 M3 8 512 MTL73","99","1","223000","Михайлов Михаил"
"MacBook Pro 16 M3 18 512 MRW43","99","1","440001","Попова Мария"
"16"" Ноутбук MacBook Pro 16 M3 Max 2023","0","10","537901","Петров Петр"
"16"" Ноутбук MacBook Pro 16 M3 Max 2023","0","10","534691","Сидоров Сидор"
"16"" Ноутбук MacBook Pro 16 M3 Max 2023","0","10","473703","Сидоров Сидор"
"Ноутбук MacBook Pro A2780 M2 Pro 12 core 16Gb SSD1Tb 1","0","3","251335","Михайлов Михаил"
"Ноутбук MacBook Pro A2779 M2 Pro 10 core 16Gb SSD1Tb 1","0","3","246555","Петров Петр"
"Ноутбук MacBook Air A3113 M3 8 core 16Gb SSD512Gb 10 c","0","3","213091","Попова Мария"
"Macbook Air 15 M3 16 512","0","10","242590","Сидоров Сидор"
"Ноутбук MacBook Air A2681 M2 8 core 16Gb SSD256Gb 10 c","0","3","173650","Иванов Иван"
"Ноутбук MacBook Air A2681 M2 8 core 16Gb SSD256Gb 10 c","0","3","173650","Николаева Наталья"
"Ноутбук MACBOOK AIR M2 13"" 16 256G MB Z16000943","0","3","164305","Иванов Иван"
"Macbook Air 15 M3 8 512","0","10","207282","Иванов Иван"
"MacBook Air 15 M2 8 512 (Silver)","0","1","183197","Попова Мария"
"Ноутбук MacBook Pro 16 16.2"" 3456x2234 -M3 Pro S","0","3","377303","Михайлов Михаил"
"Ноутбук MacBook Pro 16 16.2"" 3456x2234 -M2 Pro S","0","3","254832","Попова Мария"
"Ноутбук MacBook Air 13 13.6"" 2560x1664 -M3 SSD 5","0","3","241246","Петров Петр"
"Ноутбук MacBook Air 13 A3113 13.6"" 2560x1664 -M3","0","3","195729","Смирнов Алексей"
"Ноутбук MacBook Air 15 A3114 15.3"" 2880x1864 -M3","0","3","174367","Смирнов Алексей"
"Ноутбук MacBook Air 13 A3113 13.6"" 2560x1664 -M3","0","3","147216","Смирнов Алексей"
"Macbook Air 13 M3 16 512 Midnight","0","2","188000","Петров Петр"
"Macbook Air 13 M3 16 512 Starlight","0","2","188000","Попова Мария"
"Macbook Air 13 M3 16 512 Silver","0","2","188000","Иванов Иван"
"Macbook Air 13 M3 16 512 Space Grey","0","2","188000","Сидоров Сидор"
"MacBook Air 15 M3 16 512 Midnight 2024 англ.клавиатура","0","99","190000","Кузнецова Анна"
"MacBook Air 13 M2 8 512 GB Starlight","0","2","133000","Сидоров Сидор"
"MacBook Air 13 M3 16 512(Starlight)","0","2","207990","Федорова Ольга"
"MacBook Air 13 M3 8 512(Midnight)","0","2","207990","Смирнов Алексей"
"MacBook Air 13 M3 8 512(Starlight)","0","2","207990","Попова Мария"
"MacBook Air 13 M3 16 512(Midnight)","0","2","207990","Сидоров Сидор"
"Ноутбук MacBook Pro 13,3"" 2022 M2 8 512GB Silver","0","1","148784","Федорова Ольга"
"Macbook Air 15 M3 16 512 (Silver)","0","10","252721","Николаева Наталья"
"Macbook Air 15 M3 16 512 (Silver)","0","10","251065","Попова Мария"
"Macbook Air 15 M3 16 512 (Silver)","0","10","251065","Николаева Наталья"
"Macbook Air 15 M3 16 512 (Silver)","0","10","247753","Кузнецова Анна"
"MacBook Air 15 M3 8 512","0","10","222912","Попова Мария"
"Macbook Air 15 M3 8 512 (Silver)","0","10","214631","Николаева Наталья"
"MacBook Air 15 M2 2023 8+512 ГБ сияющая звезда","0","10","202211","Николаева Наталья"
"MacBook Air 13 M3 2024 8+512 ГБ, полуночный","0","10","198071","Смирнов Алексей"
"Macbook Air 13 M3 8 512 Silver","0","10","198071","Петров Петр"
"Macbook Air 15 M3 8 256 (Silver)","0","10","196414","Федорова Ольга"
"MacBook Air 15 M2 8 512 (Silver)","0","1","189791","Николаева Наталья"
"MacBook Pro 16 M3 Pro 36 512 MRW23","7","1","407000","Волков Владимир"
"MacBook Pro 16 M3 Max 36 1024 MRW73","7","1","492000","Федорова Ольга"
"Ноутбук MacBook Air, 13'', Silver","0","10","246097","Попова Мария"
"Ноутбук MacBook Air, 13'', Silver","1","10","232848","Попова Мария"
"Ноутбук MacBook Air, 13'', Silver","0","10","232848","Попова Мария"
"Ноутбук MacBook Air, 13'', Silver","0","10","232848","Петров Петр"
"Ноутбук MacBook Pro A2485 M1 Pro 10 core 16Gb","0","55","232375","Смирнов Алексей"
"Ноутбук MacBook Pro A2918 M3 8 core 8Gb","0","50","206125","Сидоров Сидор"
"Macbook Air 15.3"" (M2, 8Gb, 512Gb) Space Gray Черно-серый","0","10","159700","Волков Владимир"
"Macbook Air 15.3"" (M2, 8Gb, 512Gb) Space Gray Черно-серый","0","10","159700","Кузнецова Анна"
"Macbook Air 15.3"" (M2, 8Gb, 512Gb) Midnight Темно-синий","0","10","159700","Петров Петр"
"Macbook Air 15.3"" (M2, 8Gb, 512Gb) Midnight Темно-синий","0","10","159700","Иванов Иван"
"Macbook Air 15.3"" (M2, 8Gb, 512Gb) Midnight Темно-синий","0","10","159700","Петров Петр"
"Ноутбук MacBook Air 15 8 256 M3 2024 Midnight (MRYM3)","0","50","232169","Сидоров Сидор"
"Ноутбук MacBook Air 15 2024, M3, 8 256 ГБ,midnight (MRYU3)","0","50","231170","Федорова Ольга"
"MacBook Pro 16 M3 Pro 36 512 MRW23","7","1","407000","Петров Петр"
"16"" Ноутбук MacBook Pro 16 M3 Max 2023 48+1 ТБ","0","10","555779","Попова Мария"
"16"" Ноутбук MacBook Pro 16 M3 Max 2023 48+1 ТБ","0","10","552466","Петров Петр"
"16"" Ноутбук MacBook Pro 16 M3 Max 2023 36+1 ТБ","0","10","494504","Сидоров Сидор"
"16"" Ноутбук MacBook Pro 16 M3 Max 2023 36+1 ТБ","0","10","489536","Волков Владимир"
"14.2"" Ноутбук MacBook Pro 14 M3 Pro 2023 18+1 ТБ","0","10","340491","Кузнецова Анна"
"16"" Ноутбук MacBook Pro 16 M3 Pro 2023 18+512 ГБ","0","10","338836","Попова Мария"
"14.2"" Ноутбук MacBook Pro 14 M3 2023 8+1 ТБ","0","1","246097","Петров Петр"
"14.2"" Ноутбук MacBook Pro 14 M3 2023 8+512 ГБ","0","10","216288","Сидоров Сидор"
"Ноутбук MacBook Air 15 M3 256Gb, Space Grey Серый Космос","1","1","140990","Федорова Ольга"
"Ноутбук MacBook Air 15 M3 256Gb, Silver Серебристый","1","1","140990","Михайлов Михаил"
"Ноутбук MacBook Air A2681 M2 8 core 16Gb SSD256Gb","0","2","188370","Иванов Иван"
"Ноутбук MacBook Pro 13M2 8 512GB Silver","0","1","175341","Николаева Наталья"
"Ноутбук MacBook Air 15,3'' M3 8 512GB Starlight MRYT3","0","1","167214","Волков Владимир"
"Ноутбук MacBook Air 15,3'' M3 8 512GB Space Gray MRYN3","0","1","165501","Сидоров Сидор"
"Ноутбук MacBook Air 15,3'' M3 8 512GB Midnight MRYV3","0","1","165501","Волков Владимир"
"Macbook Pro 14 M3 8 512 (Silver)","0","5","164200","Федорова Ольга"
"Macbook Pro 14 M3 8 512 (Space Grey)","0","5","164200","Волков Владимир"
"Ноутбук MacBook Air 15,3'' M3 8 256GB Starlight MRYR3","0","1","142996","Михайлов Михаил"
"MacBook Air 13 M3 16 512 (Space Grey)","0","2","207990","Волков Владимир"
"MacBook Air 13 M3 16 512 (Silver)","0","2","207990","Петров Петр"
"MacBook Air 13 M3 8 512 (Silver)","0","2","207990","Кузнецова Анна"
"MacBook Air 15 M3 8 256 (Midnight)MQKW3","0","2","163990","Федорова Ольга"
"Macbook Air 13"" (M3, 16Gb, 512Gb) Space Gray Черно-серый","0","10","197800","Николаева Наталья"
"Macbook Air 13"" (M3, 16Gb, 512Gb) Silver Серебристый","0","10","197800","Петров Петр"
"Macbook Air 13"" (M3, 16Gb, 512Gb) Midnight Темно-синий","0","10","197800","Михайлов Михаил"
"Macbook Air 15.3"" (M3, 8Gb, 512Gb) Silver Серебристый","0","10","178100","Попова Мария"
"Macbook Air 15.3"" (M3, 8Gb, 512Gb) Space Gray Черно-серый","0","10","176100","Попова Мария"
"Macbook Air 15.3"" (M2, 8Gb, 512Gb) Starlight Золотистый","0","10","160300","Смирнов Алексей"
"Macbook Air 15.3"" (M3, 8Gb, 256Gb) Space Gray Черно-серый","0","10","158300","Попова Мария"
"Macbook Air 15.3"" (M3, 8Gb, 256Gb) Midnight Темно-синий","0","10","158300","Петров Петр"
"Macbook Air 13"" (M2, 8Gb, 512Gb) Midnight Темно-синий","0","10","145200","Николаева Наталья"
"Macbook Air 15.3"" (M2, 8Gb, 256Gb) Midnight Темно-синий","0","10","137900","Петров Петр"
"Macbook Air 15.3"" (M2, 8Gb, 256Gb) Starlight Золотистый","0","10","137300","Смирнов Алексей"
"Macbook Air 13"" (M3, 8Gb, 256Gb) Starlight Золотистый","0","10","129400","Попова Мария"
"Macbook Air 13"" (M2, 8Gb, 256Gb) Midnight Темно-синий","0","10","112300","Петров Петр"
"Macbook Air 13"" (M2, 8Gb, 256Gb) Starlight Золотистый","0","10","112300","Николаева Наталья"
"Macbook Air 13"" (M2, 8Gb, 256Gb) Silver Серебристый","0","10","112300","Смирнов Алексей"
"Macbook Air 13"" (M2, 8Gb, 256Gb) Space Gray Черно-серый","0","10","109000","Волков Владимир"
"Macbook Air 13"" (M1, 8Gb, 256Gb) Silver Серебристый","0","10","87700","Смирнов Алексей"
"Ноутбук MacBook Pro14 M3 Pro 12 18 core 36 1TB Black(MRX43)","0","2","352999","Николаева Наталья"
"Ноутбук MacBook Air 15 M3 256Gb, Space Grey Серый Космос","0","5","140990","Петров Петр"
"Ноутбук MacBook Air 15 M3 256Gb, Midnight Темная ночь","0","5","140990","Кузнецова Анна"
"Ноутбук MacBook Air 15 M3 256Gb, Starlight Сияющая звезда","0","5","140990","Федорова Ольга"
"MacBook Air 13 M3 16 512(Starlight)","0","4","207990","Волков Владимир"
"Macbook Air 13 M3 8 256 Silver","0","2","138000","Иванов Иван"
"Ноутбук MacBook Air 13 M1 8 256 Space Gray (MGN63)","0","11","83699","Волков Владимир"
"Ноутбук MacBook Air 15 M3 256Gb, Silver Серебристый","0","5","140990","Попова Мария"
"Macbook Air 13"" (M3, 16Gb, 512Gb) Silver Серебристый","0","10","197800","Николаева Наталья"
"Macbook Air 13"" (M3, 16Gb, 512Gb) Midnight Темно-синий","0","10","197800","Сидоров Сидор"
"Macbook Air 15.3"" (M2, 8Gb, 512Gb) Space Gray Черно-серый","0","10","159700","Николаева Наталья"
"Macbook Air 15.3"" (M2, 8Gb, 512Gb) Midnight Темно-синий","0","10","159700","Волков Владимир"
"Macbook Air 15.3"" (M3, 8Gb, 256Gb) Silver Серебристый","0","10","158300","Федорова Ольга"
"Macbook Air 15.3"" (M3, 8Gb, 256Gb) Starlight Золотистый","0","10","158300","Смирнов Алексей"
"MacBook Air 15 M3 16 512 Silver 2024 англ.клавиатура","0","100","196000","Иванов Иван"
"MacBook Air 15 M3 16 512 Silver 2024 рус.клавиатура","0","100","196000","Иванов Иван"
"Macbook Pro 14 M3 8 512ГБ Silver рус.клавиатура","2","100","172000","Попова Мария"
"MacBook Air 15 M2 8 512 Midnight MQKW3","1","98","150000","Волков Владимир"
"Macbook Air 13 M1 8 256 Silver англ.клавиатура","3","100","87000","Кузнецова Анна"
"Ноутбук MacBook Air 15 15.3"" 2880x1864 -M3 SSD 5","0","3","266044","Иванов Иван"
"Ноутбук MacBook Pro 14"" Space Black 11CPU 14GPU 18 512GB Ap","0","3","261121","Иванов Иван"
"Ноутбук MacBook Air A3114 M3 8 core 16Gb SSD512Gb 10 c","0","3","237100","Николаева Наталья"
"Ноутбук Apple 13-inch MacBook Air M2 with 8-core CPU","0","3","218810","Кузнецова Анна"
"Ноутбук MacBook Air 13 13.6"" 2560x1664 -M2 SSD 5","0","3","218659","Смирнов Алексей"
"Ноутбук Apple 13-inch MacBook Air M2 with 8-core CPU","0","3","195193","Михайлов Михаил"
"Ноутбук MacBook Air 13 2020 (MGN93RU A) Silver","0","1","90260","Иванов Иван"
"Macbook Air 13 M3 16 512 Silver рус.клавиатура","1","99","186000","Петров Петр"
"MacBook Air 13 M2 8 256 Midnight рус.клавиатура","1","99","109500","Волков Владимир"
"Macbook Air 15.3"" (M2, 8Gb, 512Gb) Space Gray Черно-серый","0","10","159700","Попова Мария"
"MacBook Air 13 M3 8 512 (Space Grey)","0","5","207990","Кузнецова Анна"
"MacBook Air 15 M3 16 512 (Starlight)MQKV3","0","2","206990","Кузнецова Анна"
"MacBook Air 15 M3 16 512 (Midnight)MQKX3","0","2","206990","Петров Петр"
"MacBook Air 15 M3 16 512 (Midnight)","1","3","205990","Николаева Наталья"
"MacBook Air 15 M3 8 512 (Starlight)MQKV3","0","2","179990","Смирнов Алексей"
"MacBook Air 15 M3 8 512(Space Grey)MQKQ3","0","2","179990","Михайлов Михаил"
"MacBook Air 15 M3 8 512 (Starlight)","0","5","178990","Михайлов Михаил"
"Ноутбук MacBook Air 15 8 256 M3 2024 Space Gray (MRYP3)","0","50","236169","Попова Мария"
"MacBook Air 15 M3 8 256 (Silver)MQKR3","0","2","163990","Смирнов Алексей"
"Macbook Air 13 M2 512GB Midnight","0","2","152300","Сидоров Сидор"
"MacBook Pro 14 M3 8 512 MTL73","7","1","223000","Михайлов Михаил"
"Ноутбук MacBook Air 15 M3 256Gb, Starlight Сияющая звезда","1","1","140990","Николаева Наталья"
"Ноутбук MacBook Air 15 M3 256Gb, Midnight Темная ночь","1","1","140990","Волков Владимир"
"Ноутбук MacBook Air 13,6"" 2022 M2 8 512GB Midnight","1","1","148743","Николаева Наталья"
"Ноутбук MacBook Air 13 Silver (MXCT3ZP A)","0","2","216721","Кузнецова Анна"
"MacBook Air 13 M3 16 256 (Starlight) Ростест","14","1","155000","Петров Петр"
"MacBook Pro 14 M3 Max 14 36 1TB Silver","0","5","387600","Попова Мария"
"Ноутбук MacBook Pro 14 M3 Max Silver","0","1","341631","Петров Петр"
"Ноутбук MacBook Pro A2918 M3 8 core 16Gb","0","2","272870","Сидоров Сидор"
"Ноутбук MacBook Air 15,3'' M3 16 512GB Starlight MXD33","0","1","179812","Михайлов Михаил"
"Ноутбук MacBook Air A3113 M3 8 core 8Gb SSD256Gb","0","2","164970","Смирнов Алексей"
"Ноутбук MacBook Air 13,6"" M3 16 512GB Midnight MXCV3","0","1","164136","Федорова Ольга"
"Ноутбук MacBook Air 15 8 512 M3 2024 Silver","0","2","158000","Сидоров Сидор"
"Macbook Air 15 M3 8 256 Starlight (Рус.клавиатура)","0","5","137700","Кузнецова Анна"
"Macbook Pro 16 M3 Max 128 2TB Space Black рус.клавиатура","1","100","828464","Сидоров Сидор"
"Macbook Pro 16 M2 Max 96 4TB Space Gray рус.клавиатура","1","100","723840","Петров Петр"
"Macbook Pro 16 M2 Max 96 1TB Space Gray рус.клавиатура","1","100","559520","Михайлов Михаил"
"Macbook Pro 16 M3 Max 48 1TB Space Black рус.клавиатура","1","100","496600","Иванов Иван"
"Macbook Pro 16 M3 Pro 36 512ГБ Silver рус.клавиатура","1","100","310000","Волков Владимир"
"Macbook Pro 14 M3 Pro 18 1TB Space Gray англ.клавиатура","2","98","300560","Смирнов Алексей"
"MacBook Air 15 M3 8 512 Space Gray 2024 англ.клавиатура","0","100","171000","Федорова Ольга"
"MacBook Air 15 M3 8 512 Starlight 2024 англ.клавиатура","0","100","171000","Николаева Наталья"
"Macbook Air 13 M1 8 256 Space Gray MGN63 англ.клавиатура","3","95","87000","Кузнецова Анна"
"Ноутбук MacBook Air 15 A3114 MRYM3LL A","0","3","186524","Волков Владимир"
"Macbook Air 15.3"" (M2, 8Gb, 512Gb) Midnight Темно-синий","0","10","159700","Николаева Наталья"
"Macbook Air 15.3"" (M3, 8Gb, 256Gb) Silver Серебристый","0","10","158300","Федорова Ольга"
"Macbook Air 15.3"" (M3, 8Gb, 256Gb) Starlight Золотистый","0","10","158300","Волков Владимир"
"Macbook Air 13"" (M2, 8Gb, 256Gb) Space Gray Черно-серый","0","10","109000","Сидоров Сидор"
"Macbook Air 13 Late 2020 MGND3 gold золотой","0","10","87700","Федорова Ольга"
"Ноутбук MacBook Air 13 MRXW3 (M3, 8 512) Midnight","0","1","143380","Кузнецова Анна"
"Ноутбук MacBook Air A2337 13.3"" серый космос","0","200","119708","Сидоров Сидор"
"Macbook Air 13"" (M3, 16Gb, 512Gb) Starlight Золотистый","0","10","197800","Кузнецова Анна"
"Macbook Air 13"" (M3, 8Gb, 512Gb) Space Gray Черно-серый","0","10","161000","Кузнецова Анна"
"Macbook Air 15.3"" (M2, 8Gb, 512Gb) Starlight Золотистый","0","10","160300","Попова Мария"
"Ноутбук MacBook Air 13 M2 8 512 Gb Space Grey","0","2","133000","Смирнов Алексей"
"Macbook Pro 14 M3 8 512ГБ Silver англ.клавиатура","2","99","172000","Петров Петр"
"Ноутбук MacBook Pro A2779 M2 Max 12 core 32Gb SSD1Tb 3","0","3","346947","Михайлов Михаил"
"Macbook Pro 16 M1 Pro 16 512 Ростест","5","6","184990","Волков Владимир"
"MacBook Pro 16 M3 Max 48 1024 MUW63","7","1","553000","Кузнецова Анна"
"MacBook Pro 16 M3 Max 48 1024 MUW73","7","1","553000","Михайлов Михаил"
"MacBook Pro 14 M3 36 1024 MRX83","7","1","528000","Михайлов Михаил"
"MacBook Pro 16 M3 Pro 36 1024 MRW43","7","1","351200","Михайлов Михаил"
"MacBook Pro 16 M3 Pro 18 512 MRW13","7","1","335000","Иванов Иван"
"MacBook Pro 14 M3 8 512 MR7J3","7","1","223000","Кузнецова Анна"
"MacBook Pro 14 M3 8 512 MTL73","7","1","223000","Николаева Наталья"
"MacBook Air 13 M3 16 512 (Silver)","0","5","207990","Смирнов Алексей"
"MacBook Air 13 M3 16 512 (Space Grey)","0","5","207990","Смирнов Алексей"
"MacBook Air 13 M3 16 512(Midnight)","0","5","207990","Николаева Наталья"
"MacBook Air 13 M3 8 512 (Silver)","0","5","207990","Волков Владимир"
"MacBook Air 13 M3 8 512(Starlight)","0","5","207990","Петров Петр"
"MacBook Air 13 M3 8 512(Midnight)","0","5","207990","Сидоров Сидор"
"MacBook Air 15 M3 16 512(Silver)MQKT3","0","2","206990","Иванов Иван"
"MacBook Air 15 M3 16 512(Space Grey)MQKQ3","0","2","206990","Сидоров Сидор"
"MacBook Air 15 M3 16 512(Space Grey)","0","5","205990","Николаева Наталья"
"MacBook Air 15 M3 16 512(Silver)","0","5","205990","Волков Владимир"
"MacBook Air 15 M3 16 512 (Starlight)","0","5","205990","Николаева Наталья"
"MacBook Air 13 M3 16 512(Starlight)","0","3","203990","Сидоров Сидор"
"MacBook Air 15 M3 8 512 (Midnight)MQKX3","0","2","179990","Михайлов Михаил"
"MacBook Air 15 M3 8 512(Silver)MQKT3","0","2","179990","Петров Петр"
"MacBook Air 15 M3 8 512 (Midnight)","0","5","178990","Волков Владимир"
"MacBook Air 15 M3 8 256 (Silver)","0","5","166990","Федорова Ольга"
"MacBook Air 15 M3 8 256 (Midnight)","0","4","162990","Волков Владимир"
"MacBook Air 15 M3 8 256 (Starlight)","0","5","162990","Михайлов Михаил"
"Macbook Air 15 M3 8 256 MRYR3, Starlight","0","50","228309","Петров Петр"
"MacBook Air 15 M3 8 256 (Silver)","0","3","155990","Петров Петр"
"MacBook Pro 16 M3 Max 48 1024 MUW73","7","1","553000","Смирнов Алексей"
"MacBook Pro 16 M3 Max 36 1024 MRW33","7","1","495000","Федорова Ольга"
"MacBook Pro 16 M3 18 512 MRW43","7","1","351200","Попова Мария"
"MacBook Pro 14 M3 18 512 MRX63","7","1","312000","Волков Владимир"
"MacBook Pro 14 M3 8 512 MR7J3","7","1","223000","Николаева Наталья"
"Ноутбук MacBook Air 13.3"" grey space (MGN63HN A)","0","100","105960","Кузнецова Анна"
"Ноутбук","0","1","284954","Кузнецова Анна"
"Macbook Pro 14 M3 Pro 18 512 (Space Black)","0","5","228200","Смирнов Алексей"
"MacBook Pro 13 M2 24 1TB Silver (Рус.клавиатура)","0","5","187200","Волков Владимир"
"Ноутбук MacBook Air 15,3'' M3 16 512GB Starlight MXD33","0","1","179812","Кузнецова Анна"
"Ноутбук MacBook Air 15,3'' M3 8 512GB Space Gray MRYN3","0","1","165501","Волков Владимир"
"Ноутбук MacBook Air 15,3'' M3 8 512GB Midnight MRYV3","0","1","165501","Федорова Ольга"
"Ноутбук MacBook Air 15,3'' M2 8 512GB Silver MQKT3","0","1","144343","Кузнецова Анна"
"Ноутбук MacBook Air 15,3'' M3 8 256GB Starlight MRYR3","0","1","142996","Сидоров Сидор"
"Macbook Pro 16 M3 Max 128 4TB Space Black рус.клавиатура","1","100","947960","Волков Владимир"
"Macbook Pro 16 M3 Max 128 1TB Space Black рус.клавиатура","1","99","747760","Кузнецова Анна"
"Macbook Pro 16 M1 Max 64 4TB Silver рус.клавиатура","1","100","553592","Попова Мария"
"Macbook Pro 16 M3 Max 48 1TB Silver рус.клавиатура","1","100","496600","Иванов Иван"
"MacBook Air 15 M3 24 2ТВ Starlight англ.клавиатура","0","100","408616","Смирнов Алексей"
"MacBook Air 15 M3 24 2ТВ Space Gray англ.клавиатура","0","100","401232","Волков Владимир"
"Macbook Pro 16 M3 Max 36 1TB Silver англ.клавиатура","1","99","390000","Федорова Ольга"
"Macbook Pro 16 M3 Max 36 1TB Silver рус.клавиатура","1","100","390000","Иванов Иван"
"Macbook Pro 16 M3 Max 36 1TB Space Black рус.клавиатура","1","100","385000","Федорова Ольга"
"MacBook Pro 14 М1 Max 64 1TB Silver рус.клавиатура","2","100","363792","Смирнов Алексей"
"MacBook Pro 14 М1 Max 64 1TB Space Gray рус.клавиатура","2","100","363792","Иванов Иван"
"Macbook Pro 16 M3 Pro 36 512ГБ Space Black англ.клавиатура","1","100","320000","Иванов Иван"
"Macbook Pro 16 M3 Pro 36 512ГБ Space Black рус.клавиатура","1","100","320000","Волков Владимир"
"Macbook Pro 16 M2 Pro 16 1ТВ Space Gray рус.клавиатура","1","100","319904","Михайлов Михаил"
"Macbook Pro 16 M2 Pro 16 1ТВ Silver рус.клавиатура","1","100","319904","Попова Мария"
"Macbook Pro 16 M3 Pro 36 512ГБ Silver англ.клавиатура","1","100","310000","Федорова Ольга"
"Macbook Pro 14 M3 Pro 18 1TB Silver рус.клавиатура","2","100","278000","Петров Петр"
"MacBook Pro 14 М2 16 1TB Space Gray рус.клавиатура","2","100","268216","Кузнецова Анна"
"Macbook Pro 16 M3 Pro 18 512ГБ Silver англ.клавиатура","1","100","265000","Кузнецова Анна"
"Macbook Pro 16 M3 Pro 18 512ГБ Space Black англ.клавиатура","2","100","261000","Кузнецова Анна"
"Macbook Pro 16 M3 Pro 18 512ГБ Space Black рус.клавиатура","1","100","261000","Иванов Иван"
"MacBook Pro 14 М2 16 1TB Silver рус.клавиатура","2","100","252000","Федорова Ольга"
"MacBook Pro 14 М2 16 1TB Silver англ.клавиатура","0","100","252000","Михайлов Михаил"
"MacBook Pro 14 М2 16 512Gb Space Gray MPHE3 рус.клавиатура","2","100","250640","Смирнов Алексей"
"Macbook Pro 14 M3 Pro 18 512ГБ Silver рус.клавиатура","2","100","235000","Кузнецова Анна"
"Macbook Pro 14 M3 Pro 18 512ГБ Space Black англ.клавиатура","1","96","230000","Попова Мария"
"Macbook Pro 14 M3 Pro 18 512ГБ Space Black рус.клавиатура","2","100","230000","Михайлов Михаил"
"Macbook Pro 16 M1 Pro 16 512ГБ Space Gray рус.клавиатура","1","100","207688","Федорова Ольга"
"Macbook Air 13 M3 16 512 Space Gray англ.клавиатура","0","100","197496","Иванов Иван"
"Macbook Pro 14 M3 8 1TB Space Gray рус.клавиатура","2","100","195000","Николаева Наталья"
"Macbook Pro 14 M3 8 1TB Silver рус.клавиатура","2","100","193000","Волков Владимир"
"Macbook Pro 14 M3 8 1TB Silver англ.клавиатура","2","100","193000","Попова Мария"
"MacBook Air 15 M3 16 512 Midnight 2024 рус.клавиатура","0","100","190000","Смирнов Алексей"
"MacBook Air 15 M3 16 512 Starlight 2024 англ.клавиатура","0","100","190000","Михайлов Михаил"
"MacBook Air 15 M3 16 512 Starlight 2024 рус.клавиатура","0","100","190000","Михайлов Михаил"
"Macbook Air 13 M3 16 512 Starlight англ.клавиатура","0","100","186000","Иванов Иван"
"Macbook Air 13 M3 16 512 Silver англ.клавиатура","0","100","186000","Попова Мария"
"Macbook Air 13 M3 16 512 Starlight рус.клавиатура","1","100","186000","Федорова Ольга"
"Macbook Air 13 M3 16 512 Midnight англ.клавиатура","0","100","186000","Николаева Наталья"
"MacBook Air 15 M2 8 512 Silver MQKT3","1","100","177934","Петров Петр"
"MacBook Air 15 M2 8 512 Starlight MQKV3","1","100","177934","Федорова Ольга"
"Macbook Pro 14 M3 8 512ГБ Space Gray англ.клавиатура","1","100","175000","Попова Мария"
"Macbook Pro 14 M3 8 512ГБ Space Gray рус.клавиатура","2","100","175000","Петров Петр"
"MacBook Air 15 M3 8 512 Midnight 2024 рус.клавиатура","0","100","164000","Михайлов Михаил"
"MacBook Air 15 M2 8 512 Space Gray MQKQ3","1","100","160000","Михайлов Михаил"
"Macbook Air 13 M3 8 512 Starlight рус.клавиатура","1","100","154960","Петров Петр"
"Macbook Air 13 M3 8 512 Starlight англ.клавиатура","0","100","154960","Сидоров Сидор"
"Macbook Air 13 M3 8 512 Silver рус.клавиатура","1","99","154440","Кузнецова Анна"
"Macbook Air 13 M3 8 512 Space Grey англ.клавиатура","0","100","153920","Николаева Наталья"
"Macbook Air 13 M3 8 512 Space Grey рус.клавиатура","1","100","153920","Смирнов Алексей"
"Macbook Air 13 M3 8 512 Midnight рус.клавиатура","1","100","152880","Петров Петр"
"MacBook Air 15 M2 8 256 Space Gray MQKP3","1","100","151736","Волков Владимир"
"MacBook Air 15 M2 8 256 Starlight MQKU3","1","100","151736","Попова Мария"
"MacBook Air 15 M2 8 256 Silver MQKR3","1","98","151736","Иванов Иван"
"MacBook Air 15 M3 8 256 Space Gray 2024 рус.клавиатура","0","100","151500","Волков Владимир"
"MacBook Air 15 M3 8 256 Silver 2024 англ.клавиатура","0","100","151500","Иванов Иван"
"MacBook Air 15 M3 8 256 Silver 2024 рус.клавиатура","0","100","151500","Петров Петр"
"MacBook Air 15 M3 8 256 Space Gray 2024 англ.клавиатура","0","100","151500","Петров Петр"
"MacBook Air 15 M3 8 256 Midnight 2024 англ.клавиатура","0","100","149000","Кузнецова Анна"
"MacBook Air 15 M3 8 256 Midnight 2024 рус.клавиатура","0","100","149000","Смирнов Алексей"
"MacBook Air 13 M2 8 512 Space Gray рус.клавиатура","1","100","147160","Сидоров Сидор"
"MacBook Air 13 M2 8 512 Space Gray англ.клавиатура","0","100","147160","Кузнецова Анна"
"MacBook Air 15 M3 8 256 Starlight 2024 рус.клавиатура","0","100","145000","Кузнецова Анна"
"MacBook Air 15 M3 8 256 Starlight 2024 англ.клавиатура","0","100","145000","Сидоров Сидор"
"MacBook Air 13 2022 M2 8 512 ГБ, Starlight англ.клавиатура","0","100","140000","Михайлов Михаил"
"MacBook Air 13 2022 M2 8 512 ГБ, Midnight англ.клавиатура","0","100","140000","Михайлов Михаил"
"MacBook Air 13 2022 M2 8 512 ГБ, Silver англ.клавиатура","0","100","140000","Михайлов Михаил"
"MacBook Air 13 2022 M2 8 512 ГБ, Midnight рус.клавиатура","1","100","140000","Петров Петр"
"MacBook Air 13 2022 M2 8 512 ГБ, Starlight рус.клавиатура","1","100","140000","Кузнецова Анна"
"Macbook Air 13 M3 8 256 Silver англ.клавиатура","0","100","121000","Петров Петр"
"Macbook Air 13 M3 8 256 Silver рус.клавиатура","1","100","121000","Петров Петр"
"Macbook Air 13 M3 8 256 Starlight англ.клавиатура","0","100","121000","Волков Владимир"
"Macbook Air 13 M3 8 256 Midnight англ.клавиатура","0","100","121000","Волков Владимир"
"Macbook Air 13 M3 8 256 Starlight рус.клавиатура","1","100","121000","Смирнов Алексей"
"Macbook Air 13 M3 8 256 Midnight рус.клавиатура","1","100","121000","Федорова Ольга"
"MacBook Air 13 M2 8 256 Space Gray рус.клавиатура","1","100","112000","Николаева Наталья"
"MacBook Air 13 2022 M2 8 256 ГБ, Silver рус.клавиатура","1","100","112000","Сидоров Сидор"
"MacBook Air 13 2022 M2 8 256 ГБ, Silver англ.клавиатура","0","100","112000","Федорова Ольга"
"MacBook Air 13 M2 8 256 Midnight MLY33 англ.клавиатура","0","100","109500","Николаева Наталья"
"MacBook Air 13 M2 8 256 Starlight рус.клавиатура","1","100","109500","Смирнов Алексей"
"Macbook Air 13 M1 8 256 Gold англ.клавиатура","3","100","100724","Петров Петр"
"Ноутбук MacBook Air 13.6"" 2022 512 ГБ Серебристый","0","2","207875","Попова Мария"
"Ноутбук MacBook Pro 14"" 2023 8ГБ 1ТБ SSD серебристый","0","1","270597","Михайлов Михаил"
"Ноутбук MacBook Pro 14"" 2023 8ГБ 512ГБ SSD серый","0","1","245208","Кузнецова Анна"
"MacBook Air 13 M2 8 256 Space Gray MLY33 англ.клавиатура","0","100","112000","Федорова Ольга"
"MacBook Air 13 M2 8 256 Starlight MLY13 англ.клавиатура","0","100","109500","Иванов Иван"
"Macbook Air 13 M1 8 256 Space Gray MGN63 рус.клавиатура","1","100","87000","Михайлов Михаил"
"Macbook Air 13"" (M3, 16Gb, 512Gb) Space Gray Черно-серый","0","10","197800","Николаева Наталья"
"Macbook Air 15.3"" (M3, 8Gb, 512Gb) Silver Серебристый","0","10","178100","Николаева Наталья"
"Macbook Air 15.3"" (M3, 8Gb, 512Gb) Space Gray Черно-серый","0","10","176100","Николаева Наталья"
"Macbook Air 13"" (M3, 8Gb, 512Gb) Silver Серебристый","0","10","161000","Смирнов Алексей"
"Macbook Air 15.3"" (M2, 8Gb, 512Gb) Space Gray Черно-серый","0","10","159700","Кузнецова Анна"
"Macbook Air 15.3"" (M2, 8Gb, 512Gb) Midnight Темно-синий","0","10","159700","Иванов Иван"
"Macbook Air 15.3"" (M3, 8Gb, 256Gb) Starlight Золотистый","0","10","158300","Михайлов Михаил"
"Macbook Air 15.3"" (M3, 8Gb, 256Gb) Midnight Темно-синий","0","10","158300","Волков Владимир"
"Macbook Air 15.3"" (M3, 8Gb, 256Gb) Space Gray Черно-серый","0","10","158300","Кузнецова Анна"
"Macbook Air 15.3"" (M3, 8Gb, 256Gb) Silver Серебристый","0","10","158300","Сидоров Сидор"
"Ноутбук MacBook Pro A2992 M3 Pro (Z1AU003A9)","0","4","374575","Петров Петр"
"Ноутбук MacBook Air 15 M2 8 512Gb Starlight (MQKV3)","0","3","164999","Сидоров Сидор"
"Ноутбук MacBook Air 13 M2 8 10 core 16 256GB Space Gray","0","5","127999","Федорова Ольга"
"Ноутбук MacBook Pro A2779 M2 Max 12 core 32Gb","0","178","362375","Волков Владимир"
"Ноутбук MacBook Pro A2779 M2 Pro 10 core 16Gb","0","121","257375","Волков Владимир"
"Macbook Air 13"" (M3, 16Gb, 512Gb) Midnight Темно-синий","0","10","197800","Кузнецова Анна"
"Macbook Air 13"" (M3, 16Gb, 512Gb) Space Gray Черно-серый","0","10","197800","Иванов Иван"
"Macbook Air 13"" (M3, 16Gb, 512Gb) Starlight Золотистый","0","10","197800","Сидоров Сидор"
"Macbook Air 13"" (M3, 16Gb, 512Gb) Space Gray Черно-серый","0","10","197800","Смирнов Алексей"
"Macbook Air 13"" (M3, 16Gb, 512Gb) Starlight Золотистый","0","10","197800","Михайлов Михаил"
"Macbook Air 13"" (M3, 16Gb, 512Gb) Space Gray Черно-серый","0","10","197800","Кузнецова Анна"
"Macbook Air 13"" (M3, 16Gb, 512Gb) Silver Серебристый","0","10","197800","Смирнов Алексей"
"Macbook Air 13"" (M3, 16Gb, 512Gb) Midnight Темно-синий","0","10","197800","Николаева Наталья"
"Macbook Air 13"" (M3, 16Gb, 512Gb) Midnight Темно-синий","0","10","197800","Михайлов Михаил"
"Macbook Air 13"" (M3, 16Gb, 512Gb) Silver Серебристый","0","10","197800","Николаева Наталья"
"Macbook Air 15.3"" (M3, 8Gb, 512Gb) Silver Серебристый","0","10","178100","Петров Петр"
"Macbook Air 15.3"" (M3, 8Gb, 512Gb) Silver Серебристый","0","10","178100","Николаева Наталья"
"Macbook Air 15.3"" (M3, 8Gb, 512Gb) Space Gray Черно-серый","0","10","176100","Петров Петр"
"Macbook Air 15.3"" (M3, 8Gb, 512Gb) Space Gray Черно-серый","0","10","176100","Волков Владимир"
"Macbook Air 15.3"" (M3, 8Gb, 512Gb) Space Gray Черно-серый","0","10","176100","Смирнов Алексей"
"Macbook Air 13"" (M3, 8Gb, 512Gb) Silver Серебристый","0","10","161000","Смирнов Алексей"
"Macbook Air 13"" (M3, 8Gb, 512Gb) Space Gray Черно-серый","0","10","161000","Кузнецова Анна"
"Macbook Air 13"" (M3, 8Gb, 512Gb) Space Gray Черно-серый","0","10","161000","Николаева Наталья"
"Macbook Air 13"" (M3, 8Gb, 512Gb) Silver Серебристый","0","10","161000","Федорова Ольга"
"Macbook Air 13"" (M3, 8Gb, 512Gb) Silver Серебристый","0","10","161000","Николаева Наталья"
"Macbook Air 15.3"" (M2, 8Gb, 512Gb) Starlight Золотистый","0","10","160300","Сидоров Сидор"
"Macbook Air 15.3"" (M2, 8Gb, 512Gb) Starlight Золотистый","0","10","160300","Федорова Ольга"
"Macbook Air 15.3"" (M2, 8Gb, 512Gb) Starlight Золотистый","0","10","160300","Кузнецова Анна"
"Ноутбук MacBook Air 13 M2 8core 10core 16 256 Silver (MLXY3)","0","5","129999","Иванов Иван"
"MacBook Air 15 M3 16 512(Space Grey)","0","3","208990","Волков Владимир"
"MacBook Air 15 M3 16 512 (Starlight)","0","3","208990","Иванов Иван"
"MacBook Air 15 M3 16 512(Silver)","0","3","208990","Смирнов Алексей"
"MacBook Air 13 M3 16 512(Midnight)","0","3","203990","Федорова Ольга"
"MacBook Air 13 M3 16 512 (Space Grey)","0","3","203990","Кузнецова Анна"
"MacBook Air 13 M3 16 512 (Silver)","0","3","203990","Волков Владимир"
"MacBook Air 15 M3 8 512 (Starlight)","0","3","192990","Федорова Ольга"
"MacBook Air 15 M3 8 512(Silver)","0","3","192990","Кузнецова Анна"
"MacBook Air 15 M3 8 512(Space Grey)","0","3","192990","Кузнецова Анна"
"MacBook Air 15 M3 8 512(Space Grey)","0","5","178990","Попова Мария"
"Macbook Pro 14 M3 8 512 (Space Grey)MTL73","0","3","177990","Кузнецова Анна"
"Macbook Pro 14 M3 8 512(Silver)MR7J3","0","3","177990","Волков Владимир"
"MacBook Air 15 M3 8 256(Space Grey)","0","5","162990","Попова Мария"
"MacBook Air 13 M3 8 512(Midnight)","0","3","162990","Федорова Ольга"
"MacBook Air 13 M3 8 512(Starlight)","0","3","162990","Кузнецова Анна"
"MacBook Air 13 M3 8 512 (Space Grey)","0","3","162990","Федорова Ольга"
"MacBook Air 15 M3 8 256 (Midnight)","0","3","155990","Федорова Ольга"
"MacBook Air 15 M3 8 256 (Starlight)","0","3","155990","Петров Петр"
"MacBook Air 15 M3 8 256(Space Grey)","0","3","155990","Иванов Иван"
"Ноутбук MacBook Air 13 M1 8 256 Space Gray (MGN63)","0","11","83699","Федорова Ольга"
"Ноутбук MacBook Pro14 M3 Pro 12 18 core 36 1TB Black(MRX43)","0","2","352999","Смирнов Алексей"
"Ноутбук MacBook Air 15 M3 8 core 10 core 8 256 Silver(MRYP3)","0","5","149999","Кузнецова Анна"
"Ноутбук MacBook Air15 M3 8core 10core 8 256 SpaceGray(MRYM3)","0","5","141299","Федорова Ольга"
"Ноутбук MacBook Pro 16 Silver (MUW73ZP A)","0","4","569252","Сидоров Сидор"
"MacBook Pro 16 M3 Max 36 1024 MRW73","7","1","492000","Петров Петр"
"Ноутбук MacBook Air 13,6"" 2022 M2 8 512GB Midnight","0","1","148743","Иванов Иван"
"Macbook Pro 16 M3 Max 48GB 1TB (Space Black)","0","5","406000","Петров Петр"
"Macbook Pro 14 M3 Pro 18 1TB (Space Black)","0","5","262000","Сидоров Сидор"
"Macbook Pro 14 M3 Pro 18 512 (Silver)","0","5","233000","Иванов Иван"
"Macbook Air 15 M3 16 512 Silver (Рус.клавиатура)","0","5","189400","Кузнецова Анна"
"Macbook Air 15 M3 16 512 Midnight (Рус.клавиатура)","0","5","188300","Петров Петр"
"Macbook Air 15 M3 16 512 Starlight (Рус.клавиатура)","0","5","188300","Михайлов Михаил"
"Macbook Air 13 M3 16 512 Silver (Рус.клавиатура)","0","5","181000","Иванов Иван"
"Macbook Air 13 M3 16 512 Starlight (Рус.клавиатура)","0","5","180600","Попова Мария"
"Macbook Air 13 M3 16 512 Midnight (Рус.клавиатура)","0","5","180500","Иванов Иван"
"Macbook Air 15 M3 8 512 Silver (Рус.клавиатура)","0","5","165400","Кузнецова Анна"
"Ноутбук MacBook Air 15 8 512 M3 2024 Space Gray","0","2","158000","Волков Владимир"
"Macbook Air 15 M3 8 512 Starlight (Рус.клавиатура)","0","5","156400","Смирнов Алексей"
"Macbook Air 13 M3 8 512 (Midnight)","0","5","150300","Федорова Ольга"
"Ноутбук MacBook Air 13 8 512 M3 2024 Midnight","0","2","149000","Кузнецова Анна"
"Macbook Air 13 M3 8 512 Silver (Рус.клавиатура)","0","5","147300","Михайлов Михаил"
"Macbook Air 13 M3 8 512 (Starlight)","0","5","147000","Смирнов Алексей"
"Ноутбук MacBook Air 15 8 256 M3 2024 Space Gray","0","2","139000","Сидоров Сидор"
"MacBook Air 15 M3 24 2ТВ Silver англ.клавиатура","0","100","408616","Петров Петр"
"MacBook Air 15 M3 24 2ТВ Midnight англ.клавиатура","0","100","393744","Федорова Ольга"
"MacBook Air 15 M3 24 1ТВ Silver англ.клавиатура","0","100","341536","Федорова Ольга"
"MacBook Air 15 M3 24 1ТВ Midnight англ.клавиатура","0","100","341536","Федорова Ольга"
"Macbook Pro 14 M3 Pro 18 1TB Space Gray рус.клавиатура","2","100","310960","Попова Мария"
"Macbook Pro 14 M3 Pro 18 1ТБ Space Black рус.клавиатура","2","100","278000","Попова Мария"
"Macbook Pro 14 M3 Pro 18 1ТБ Space Black англ.клавиатура","2","98","278000","Волков Владимир"
"Macbook Pro 14 M3 Pro 18 1TB Silver англ.клавиатура","2","100","278000","Иванов Иван"
"Macbook Pro 16 M3 Pro 18 512ГБ Silver рус.клавиатура","1","100","265000","Сидоров Сидор"
"Macbook Pro 14 M3 Pro 18 512ГБ Silver англ.клавиатура","1","100","235000","Кузнецова Анна"
"Macbook Pro 14 M3 8 1TB Space Gray англ.клавиатура","1","100","195000","Попова Мария"
"Macbook Air 13 M3 16 512 Midnight рус.клавиатура","1","100","186000","Попова Мария"
"MacBook Air 15 M3 8 512 Silver 2024 англ.клавиатура","0","100","171000","Федорова Ольга"
"MacBook Air 15 M3 8 512 Silver 2024 рус.клавиатура","0","100","171000","Федорова Ольга"
"MacBook Air 15 M3 8 512 Starlight 2024 рус.клавиатура","0","99","171000","Попова Мария"
"MacBook Air 15 M3 8 512 Space Gray 2024 рус.клавиатура","0","100","171000","Сидоров Сидор"
"MacBook Air 15 M3 8 512 Midnight 2024 англ.клавиатура","0","100","164000","Попова Мария"
"Macbook Air 13 M3 8 512 Silver англ.клавиатура","0","100","154440","Смирнов Алексей"
"Macbook Air 13 M3 8 512 Midnight англ.клавиатура","0","100","152880","Федорова Ольга"
"MacBook Air 13 2022 M2 8 512 ГБ, Silver рус.клавиатура","1","100","140000","Смирнов Алексей"
"Ноутбук MacBook Air 13.6"" 2022 512 ГБ Темная ночь","0","1","207875","Николаева Наталья"
"Ноутбук MacBook Air 13.6"" 2022 512 ГБ серый","0","3","207875","Попова Мария"
"Macbook Pro 14 M3 16 1TB Space Gray рус.клавиатура","2","10","259272","Сидоров Сидор"
"MacBook Pro 14 М2 16 512Gb Space Gray MPHE3 англ.клавиатура","0","98","250640","Петров Петр"
"Ноутбук MacBook Pro A2992 M3 Pro (Z1AU003A9)","0","4","374575","Михайлов Михаил"
"Ноутбук MacBook Pro A2991 M3 Pro 12 core 18Gb","0","1","356125","Кузнецова Анна"
"Macbook Air 13"" (M3, 16Gb, 512Gb) Starlight Золотистый","0","10","197800","Смирнов Алексей"
"Macbook Air 13"" (M3, 16Gb, 512Gb) Silver Серебристый","0","10","197800","Николаева Наталья"
"Macbook Air 15.3"" (M3, 8Gb, 512Gb) Silver Серебристый","0","10","178100","Федорова Ольга"
"Macbook Air 13"" (M3, 8Gb, 512Gb) Space Gray Черно-серый","0","10","161000","Волков Владимир"
"Macbook Air 15.3"" (M3, 8Gb, 256Gb) Silver Серебристый","0","10","158300","Иванов Иван"
"Macbook Air 15.3"" (M3, 8Gb, 256Gb) Midnight Темно-синий","0","10","158300","Кузнецова Анна"
"Macbook Air 15.3"" (M3, 8Gb, 256Gb) Silver Серебристый","0","10","158300","Кузнецова Анна"
"Macbook Air 15.3"" (M3, 8Gb, 256Gb) Starlight Золотистый","0","10","158300","Попова Мария"
"Macbook Air 15.3"" (M3, 8Gb, 256Gb) Space Gray Черно-серый","0","10","158300","Иванов Иван"
"Macbook Air 15.3"" (M3, 8Gb, 256Gb) Space Gray Черно-серый","0","10","158300","Николаева Наталья"
"Macbook Air 15.3"" (M3, 8Gb, 256Gb) Starlight Золотистый","0","10","158300","Кузнецова Анна"
"Macbook Air 15.3"" (M3, 8Gb, 256Gb) Starlight Золотистый","0","10","158300","Волков Владимир"
"Macbook Air 15.3"" (M3, 8Gb, 256Gb) Space Gray Черно-серый","0","10","158300","Кузнецова Анна"
"Macbook Air 15.3"" (M3, 8Gb, 256Gb) Midnight Темно-синий","0","10","158300","Иванов Иван"
"Macbook Air 15.3"" (M3, 8Gb, 256Gb) Silver Серебристый","0","10","158300","Смирнов Алексей"
"Macbook Air 15.3"" (M3, 8Gb, 256Gb) Midnight Темно-синий","0","10","158300","Петров Петр"
"Ноутбук MacBook Pro Space Gray (MK183RU A)","0","30","240273","Смирнов Алексей"
"Ноутбук MacBook Pro Space Gray (MK183RU A)","0","30","240273","Петров Петр"
"Ноутбук MacBook Air 13.3"" grey space (MGN63HN A)","0","100","105960","Михайлов Михаил"
"Ноутбук MacBook Pro 16 Space Black (MUW63ZP A)","0","2","569252","Смирнов Алексей"
"Ноутбук MacBook Air 15 Space Grey (MXD13LL A)","0","10","242758","Смирнов Алексей"
"Ноутбук MacBook Air 13 Space Grey (MXCR3ZP A)","0","6","216705","Волков Владимир"
"Ноутбук MacBook Air 13 M2 8 10core 16 256 Starlight (MLY13)","0","5","129999","Попова Мария"
"Ноутбук MacBook Pro 14 Silver (MRX83_RUSG)","0","6","461840","Федорова Ольга"
"Ноутбук MacBook Pro A2918 M3 14.2"" grey space (Z1C8000EA(","0","25","214579","Кузнецова Анна"
"Ноутбук MacBook Pro A2918 M3 14.2"" grey space (Z1C8000EA(","0","25","214579","Николаева Наталья"
"Ноутбук Macbook AIR M2 13"" (Z16000943)","0","5","177103","Волков Владимир"
"Ноутбук MacBook Pro 13 Space Gray (MNEH3_RUSG)","0","5","173764","Сидоров Сидор"
"MacBook Air 15 M3 16 512 (Midnight)","0","3","208990","Михайлов Михаил"
"MacBook Air 15 M3 8 512 (Midnight)","0","3","192990","Николаева Наталья"
"MacBook Air 13 M3 8 512 (Silver)","0","3","162990","Кузнецова Анна"
"Ноутбук MacBook Pro 16 Space Black (MUW63ZP A)","0","2","569252","Кузнецова Анна"
"Ноутбук MacBook Pro 16 Space Black (MRW13ZP A)","0","3","351780","Смирнов Алексей"
"Ноутбук MacBook Pro 14 Silver (MRX73ZP A)","0","1","344160","Иванов Иван"
"Ноутбук MacBook Pro 14 Space Black (MRX33HN A)","0","2","271612","Михайлов Михаил"
"Ноутбук MacBook Pro 14 Silver (MR7K3ZP A)","0","4","223294","Попова Мария"
"Ноутбук MacBook Pro 14 Space Gray (MTL83ZP A)","0","6","223294","Сидоров Сидор"
"Ноутбук MacBook Pro 14 2"" (MTL83LL A)","0","2","223264","Петров Петр"
"Ноутбук MacBook Pro 14 Silver (MR7K3LL A)","0","4","223005","Попова Мария"
"Ноутбук MacBook Air 13 Space Grey (MXCR3ZP A)","0","6","216705","Смирнов Алексей"
"Ноутбук MacBook Pro A2918 M3 14.2"" grey space (MTL73LL A)","0","1","212064","Волков Владимир"
"Ноутбук MacBook Pro 14 Silver (MR7J3ZP A)","0","2","211664","Михайлов Михаил"
"Ноутбук MacBook Air 13 Starlight (MRXU3ZP A)","0","3","206112","Иванов Иван"
"Ноутбук MacBook Air 13 Space Grey (MRXP3ZP A)","0","1","206112","Кузнецова Анна"
"Ноутбук MacBook Air 13 Midnight (MRXW3ZP A)","0","3","206112","Волков Владимир"
"Ноутбук MacBook Air (MLXY3LL A) Английская раскладка","0","1","148631","Волков Владимир"
"Ноутбук MacBook Air (MLXW3LL A)","0","3","148611","Смирнов Алексей"
"MacBook Air 13 M3 8 512(Midnight)","0","1","143490","Кузнецова Анна"
"Ноутбук MacBook Air A2337 M1 (MGN63ZP A)","0","101","100750","Николаева Наталья"
"MacBook Pro 16 Silver M1 Max 64GB 4TB","0","5","439600","Волков Владимир"
"Macbook Pro 16 M3 Max 48GB 1TB (Silver)","0","5","406000","Петров Петр"
"MacBook Pro 14 M3 Max 14 36 1TB Space Black","0","5","387600","Михайлов Михаил"
"Macbook Pro 16 M3 Max 36GB 1TB (Space Black)","0","5","363500","Федорова Ольга"
"Macbook Pro 16 M3 Max 36GB 1TB (Silver)","0","5","361000","Волков Владимир"
"Macbook Pro 16 M3 Pro 36GB 512 (Space Black)","0","5","299000","Волков Владимир"
"Macbook Pro 16 M3 Pro 36GB 512 (Silver)","0","5","299000","Петров Петр"
"Macbook Pro 14 M3 Pro 18 1TB (Silver)","0","5","262000","Смирнов Алексей"
"MacBook Pro 16 Silver M2 Pro 16 GB 1TB","0","5","251200","Иванов Иван"
"MacBook Pro 16 Space Gray M2 Pro 16 GB 1TB","0","5","250700","Смирнов Алексей"
"Macbook Pro 16 M3 Pro 18 512 (Space Black)","0","5","246300","Федорова Ольга"
"Macbook Air 15 M3 16 512 Space Grey (Рус.клавиатура)","0","5","189400","Волков Владимир"
"Macbook Air 13 M3 16 512 Space Grey (Рус.клавиатура)","0","5","180400","Иванов Иван"
"Macbook Air 15 M3 8 512 Midnight (Рус.клавиатура)","0","5","159400","Кузнецова Анна"
"Macbook Air 15 M3 8 512 Space Grey (Рус.клавиатура)","0","5","158800","Петров Петр"
"Ноутбук MacBook Air 15 8 512 M3 2024 Midnight","0","2","158000","Кузнецова Анна"
"Ноутбук MacBook Air 13 8 512 M3 2024 Space Gray","0","2","149000","Кузнецова Анна"
"Ноутбук MacBook Air 13 8 512 M3 2024 Silver","0","2","149000","Михайлов Михаил"
"Macbook Air 13 M3 8 512 Space Grey (Рус.клавиатура)","0","5","146100","Иванов Иван"
"Ноутбук MacBook Air 15 8 256 M3 2024 Silver","0","2","139000","Петров Петр"
"Ноутбук MacBook Air 15 8 256 M3 2024 Midnight","0","2","139000","Сидоров Сидор"
"Ноутбук MacBook Air 16 M3 Pro 36 512GB 2023 MRW23 A2991","1","5","363000","Сидоров Сидор"
"Ноутбук Эппл MacBook Pro 16 M1 16 512 MK183 A2485","8","3","191890","Волков Владимир"
"Ноутбук MacBook Pro 14"" 2023 8ГБ 512ГБ SSD серый","0","1","245080","Смирнов Алексей"
"Ноутбук MacBook Pro 16 Space Black (MRW13LL A)","0","7","351780","Волков Владимир"
"Ноутбук MacBook Pro 16 Space Black (MRW13LL A)","0","7","351780","Волков Владимир"
"Ноутбук MacBook Pro 14 Silver (MRX73LL A)","0","10","344108","Волков Владимир"
"Ноутбук MacBook Air 13 2020 (MGN93RU A) Silver","0","1","90260","Михайлов Михаил"
"Ноутбук MacBook Air 13 Silver (MXCT3LL A)","0","2","216721","Попова Мария"
"Ноутбук MacBook Pro 13 silver (MNEP3_RUSG)","0","3","173784","Смирнов Алексей"
"Ноутбук MacBook Pro 13 silver (MNEP3_RUSG)","0","3","173784","Попова Мария"
"Ноутбук MacBook Pro 16 Silver (MUW73ZP A)","0","4","569252","Николаева Наталья"
"Ноутбук MacBook Pro 14 Silver (MRX83_RUSG)","0","6","461840","Волков Владимир"
"Ноутбук MacBook Pro 14"" A2992 M3 Max Space Black (MRX53RU A)","0","8","461740","Кузнецова Анна"
"Ноутбук MacBook Pro 14"" A2992 M3 Max Space Black (MRX53RU A)","0","8","461740","Волков Владимир"
"Ноутбук MacBook Pro 16 Space Black (MRW13ZP A)","0","3","351780","Попова Мария"
"Ноутбук MacBook Pro 14 Silver (MRX73ZP A)","0","1","344160","Федорова Ольга"
"Ноутбук MacBook Pro 14 Space Black (MRX33HN A)","0","2","271612","Иванов Иван"
"Ноутбук MacBook Air 15 Starlight (MXD33LL A)","0","8","242758","Сидоров Сидор"
"Ноутбук MacBook Air 15 Space Grey (MXD13LL A)","0","10","242758","Михайлов Михаил"
"Ноутбук MacBook Pro 14 Space Gray (MTL83ZP A)","0","6","223294","Сидоров Сидор"
"Ноутбук MacBook Pro 14 Silver (MR7K3ZP A)","0","4","223294","Волков Владимир"
"Ноутбук MacBook Pro 14 Silver (MR7K3LL A)","0","4","223005","Федорова Ольга"
"Ноутбук MacBook Air 13 Silver (MXCT3LL A)","0","2","216721","Волков Владимир"
"Ноутбук MacBook Pro 14 Silver (MR7J3ZP A)","0","2","211664","Сидоров Сидор"
"Ноутбук MacBook Air 13 Starlight (MRXU3ZP A)","0","3","206112","Николаева Наталья"
"Ноутбук MacBook Air 13 Midnight (MRXW3ZP A)","0","3","206112","Сидоров Сидор"
"Ноутбук MacBook Air (MLXY3LL A) Английская раскладка","0","1","148631","Михайлов Михаил"
"Ноутбук MacBook Air (MLXW3LL A)","0","3","148611","Попова Мария"
"MacBook Air 13 M3 8 512(Midnight)","0","1","144090","Попова Мария"
"Ноутбук MacBook Air A2337 M1 (MGN63ZP A)","0","101","100750","Смирнов Алексей"
"Ноутбук MacBook Pro 16 2021","0","7","177490","Иванов Иван"
"Ноутбук MacBook Air 13 2022 M2","0","1","146190","Сидоров Сидор"
"Ноутбук MacBook Pro 13 Space Gray (MNEH3_RUSG)","0","5","173764","Сидоров Сидор"
"Ноутбук MacBook Pro 14 Silver (MRX73LL A)","0","10","344108","Михайлов Михаил"
"Ноутбук MacBook Air 13 Silver (MXCT3ZP A)","0","2","216721","Попова Мария"
"Ноутбук MacBook Pro A2918 M3 14.2"" grey space (MTL73LL A)","0","1","212064","Попова Мария"
"Ноутбук MacBook Air 15 M2 8 512 (Midnight)","0","2","387703","Кузнецова Анна"
"Ноутбук MacBook Air 13.6"" 2022 512 ГБ серый","0","3","206150","Петров Петр"
"Ноутбук MacBook Air 13.6"" 2022 512 ГБ Серебристый","0","2","206150","Волков Владимир"
"Ноутбук MacBook Air 13.6"" 2022 512 ГБ Темная ночь","0","1","206150","Михайлов Михаил"
"Легкий ноутбук MacBook Air 15"" M3 A3114 Z1BV000CS","0","2","509517","Смирнов Алексей"
"Легкий ноутбук MacBook Air 15"" M3 A3114 Z1BV000CS","0","2","509517","Кузнецова Анна"
"Ноутбук MacBook Pro 14"" 2023 8ГБ 1ТБ SSD серебристый","0","1","269453","Сидоров Сидор"
"Ноутбук MacBook Air 15 M2 8 512 (Midnight)","0","2","387703","Волков Владимир"
"Ноутбук MacBook Pro 14-inch","0","2","204990","Волков Владимир"
"Ноутбук MacBook Air 13 2024 M3","0","1","151790","Иванов Иван"
"Ноутбук MacBook Air 15 2023","0","1","147890","Николаева Наталья"
"MacBook Pro 13.3"" M2-8 512GB Silver US Spec (MNEQ3)","0","3","300000","Николаева Наталья"
"MacBook Air 13 M1 8 256 (Gold)","0","5","81900","Иванов Иван"
"MacBook Air 13 M1 8 256 (Silver)","0","5","81750","Смирнов Алексей"
"MacBook Air 13 M1 8 256 (Space Grey)","0","5","79600","Смирнов Алексей"
"Ноутбук MacBook Air 13.3"" M1 2020 8Gb 256Gb Space Gray","1","1","79346","Иванов Иван"
"MacBook Air 13 M2 8 256 (Midnight)","0","1","145343","Федорова Ольга"
"MacBook Air 13 M2 8 256 (Midnight)","0","5","102650","Николаева Наталья"
"MacBook Air 13 M2 8 256 (Space Grey)","0","5","102650","Попова Мария"
"Ноутбук MacBook Air 13 M2 8 10 core 16 256GB Space Gray","0","5","127999","Кузнецова Анна"
"Ноутбук MacBook Air 13 M1 8 256 Space Gray (MGN63)","0","11","83699","Сидоров Сидор"
"Ноутбук","0","1","405154","Николаева Наталья"
"Ноутбук","0","1","284954","Федорова Ольга"
"MacBook Air 13 M1 8 256","3","1","108400","Михайлов Михаил"
"MacBook Air 13 M1 8 256 (MGN63)","2","1","108400","Волков Владимир"
"Ноутбук MacBook Air 13 2024 M3","0","10","155111","Сидоров Сидор"
"MacBook Air 13 M2 8 256 (Silver)","0","5","102650","Попова Мария"
"Ноутбук MacBook Air 13 M2 8 10 core 16 256GB Space Gray","0","5","127999","Михайлов Михаил"
"Ноутбук MacBook Air 13 M1 8 256 Space Gray (MGN63)","0","11","83699","Федорова Ольга"
"Ноутбук","0","1","405154","Кузнецова Анна"
"MacBook Air 13 M2 8 256 (Silver)","0","2","130235","Попова Мария"
"Ноутбук MacBook Air 13 M2 8 10core 16 256 Starlight (MLY13)","0","5","129999","Волков Владимир"
"Ноутбук MacBook Air 13 M2 8core 10core 16 256 Silver (MLXY3)","0","5","129999","Кузнецова Анна"
"Ноутбук MacBook Air 13 M2 8 10core 16 256 Starlight (MLY13)","0","5","129999","Смирнов Алексей"
"Ноутбук MacBook Air 13 M2 8core 10core 16 256 Silver (MLXY3)","0","5","129999","Попова Мария"
"Ноутбук MacBook Air 13 M2 8 10core 16 256 Starlight (MLY13)","0","5","129999","Сидоров Сидор"
"Ноутбук MacBook Air 13 M2 8core 10core 16 256 Silver (MLXY3)","0","5","129999","Федорова Ольга"
"Ноутбук MacBook Air 13 M2 8 10 core 16 256GB Space Gray","0","5","127999","Иванов Иван"
"Ноутбук MacBook Air 13 M1 8 256 Space Gray (MGN63)","0","11","83699","Петров Петр"
"MacBook Air 13 M1 8 256","0","5","108400","Николаева Наталья"
"MacBook Air 13 M1 8 256 (Gold)","0","10","106961","Иванов Иван"
"MacBook Air 13 M1 8 256 (Silver)","0","10","106961","Волков Владимир"
"Macbook Air 15.3"" (M2, 8Gb, 256Gb) Space Gray Черно-серый","0","10","137900","Смирнов Алексей"
"MacBook Air 13 M1 8 256 (MGN63)","5","5","108400","Николаева Наталья"
"Ноутбук MacBook Air 13 2024 M3","0","10","157518","Кузнецова Анна"
"Ноутбук MacBook Air 13,6"" M3 8 256GB Midnight","0","1","120452","Иванов Иван"
"Ноутбук MacBook Air 13,6'' M3 8 256GB Space Gray","0","1","120452","Попова Мария"
"MacBook Air 13 M2 8 256 (Space Grey)","0","10","131840","Петров Петр"
"Macbook Air 13 M1 256 (Gold)MGND3","0","2","90990","Михайлов Михаил"
"Macbook Air 13 M1 256 (Space Grey)MGN63","0","2","90990","Петров Петр"
"MacBook Air 13 M1 8 256","2","1","111400","Николаева Наталья"
"MacBook Air 13 M1 8 256","0","5","111400","Сидоров Сидор"
"Ноутбук MacBook Air 13 M3 256Gb, Midnight Темная ночь","0","4","119990","Михайлов Михаил"
"Ноутбук MacBook Air 13 2024 M3","0","1","130890","Федорова Ольга"
"Ноутбук MacBook Air 13 2022 M2","0","1","110290","Николаева Наталья"
"MacBook Air 13 M2 8 256 Starlight MLY13","0","5","109000","Попова Мария"
"MacBook Air 13 M1 8 256 (MGN93)","5","5","111400","Петров Петр"
"Macbook Air 13 M1 256 (Space Grey)MGN63","2","3","90990","Попова Мария"
"MacBook AIR 13 M1, 8ГБ, 256ГБ серый (РОССИЙСКАЯ КЛАВИАТУРА)","1","2","120000","Михайлов Михаил"
"Macbook Air 13"" (M3, 8Gb, 256Gb) Midnight Темно-синий","0","10","132000","Волков Владимир"
"Macbook Air 13"" (M3, 8Gb, 256Gb) Starlight Золотистый","0","10","129400","Николаева Наталья"
"Macbook Air 13 Late 2020 MGND3 gold золотой","0","10","87700","Федорова Ольга"
"Macbook Air 13 Late 2020 MGN63 space gray космический серый","0","11","85600","Волков Владимир"
"Ноутбук MacBook Air 13,6"" (2560х1664) M2 8-core 8 Гб 256 Гб","0","37","122760","Федорова Ольга"
"MacBook Air M2 8-Core 8 ГБ 256 ГБ","0","6","122500","Волков Владимир"
"MacBook Air M2 8-Core 8 ГБ 256 ГБ","0","24","121940","Федорова Ольга"
"MacBook Air M2 8-Core 8 ГБ 256 ГБ","0","23","121940","Сидоров Сидор"
"Ноутбук MacBook Air 13,3"" (2560x1600) M1 8 core 8 Гб 256 Гб","0","565","90860","Михайлов Михаил"
"Ноутбук MacBook Air 13 2020 M1","0","3","87290","Михайлов Михаил"
"MacBook Air 13 M1 8 256","3","1","111600","Попова Мария"
"Ноутбук MacBook Air 13 13.3"" 2560x1600 -M1 SSD 2","0","3","98186","Михайлов Михаил"
"Ноутбук MacBook Air 13,6'' M3 8 256GB Space Gray","0","1","120452","Михайлов Михаил"
"Ноутбук MacBook Air 13,6"" M3 8 256GB Midnight","0","1","120452","Волков Владимир"
"Ноутбук MacBook Air 13,6"" M3 8 256GB Starlight","0","1","120423","Иванов Иван"
"Macbook Air 13 M3 8 256 Space Grey","0","10","163294","Николаева Наталья"
"Ноутбук MacBook Air 13 2024 M3","0","10","160810","Сидоров Сидор"
"MacBook Air 13 M2 8 256 (Midnight)","0","10","135970","Сидоров Сидор"
"MacBook Air 13 M2 8 256 (Silver)","0","2","135142","Волков Владимир"
"MacBook Air 13 M2 8 256 (Starlight)","0","3","135142","Петров Петр"
"MacBook Air 13 M1 8 256 (Gold)","0","10","111128","Николаева Наталья"
"Macbook Air 13 M1 256(Silver)MGN93","0","2","90990","Иванов Иван"
"MacBook Air 13 M3 8 256(Starlight)","0","2","132990","Иванов Иван"
"Macbook Air 13 M1 256 (Gold)MGND3","2","5","90990","Петров Петр"
"MacBook Air 13 M1 8 256","3","1","111400","Петров Петр"
"Ноутбук MacBook Air 13 M3 256Gb, Starlight Сияющая звезда","0","5","119990","Михайлов Михаил"
"Ноутбук MacBook Air 13 M3 256Gb, Space Grey Серый Космос","0","5","117590","Михайлов Михаил"
"Macbook Air 13 M1 256(Silver)MGN93","2","5","90990","Иванов Иван"
"Ноутбук MacBook Air 13 M3 256Gb, Silver Серебристый","0","5","119990","Волков Владимир"
"Macbook Air 13"" (M3, 8Gb, 256Gb) Starlight Золотистый","0","10","129400","Михайлов Михаил"
"Macbook Air 13"" (M2, 8Gb, 512Gb) Midnight Темно-синий","0","10","145200","Федорова Ольга"
"Macbook Air 15.3"" (M2, 8Gb, 256Gb) Midnight Темно-синий","0","10","137900","Смирнов Алексей"
"Macbook Air 15.3"" (M2, 8Gb, 256Gb) Starlight Золотистый","0","10","137300","Смирнов Алексей"
"Macbook Air 13"" (M2, 8Gb, 256Gb) Starlight Золотистый","0","10","112300","Николаева Наталья"
"Macbook Air 13"" (M2, 8Gb, 256Gb) Midnight Темно-синий","0","10","112300","Кузнецова Анна"
"Macbook Air 13"" (M2, 8Gb, 256Gb) Silver Серебристый","0","10","112300","Волков Владимир"
"Macbook Air 13"" (M2, 8Gb, 256Gb) Space Gray Черно-серый","0","10","109000","Кузнецова Анна"
"Macbook Air 13"" (M1, 8Gb, 256Gb) Silver Серебристый","0","10","87700","Иванов Иван"
"Macbook Air 13 M2 MLY13 8 256 Гб","0","3","108543","Михайлов Михаил"
"Ноутбук MacBook Air 13,6"" (2560х1664) M2 8-core 8 Гб 512 Гб","0","1","134880","Петров Петр"
"Ноутбук MacBook Air 13,6"" (2560х1664) M2 8-core 8 Гб 256 Гб","0","60","122760","Иванов Иван"
"Ноутбук MacBook Air 13,6"" (2560х1664) M2 8-core 8 Гб 256 Гб","0","4","122760","Кузнецова Анна"
"MacBook Air M2 8-Core 8 ГБ 256 ГБ","0","6","121940","Федорова Ольга"
"MacBook Air M2 8-Core 8 ГБ 256 ГБ","0","23","121940","Кузнецова Анна"
"MacBook Air M2 8-Core 8 ГБ 256 ГБ","0","24","121370","Федорова Ольга"
"Ноутбук MacBook Air 13,3"" (2560x1600) M1 8 core 8 Гб 256 Гб","0","1292","89680","Михайлов Михаил"
"MacBook Air 15 M2 8 256 (Silver)","0","10","167951","Федорова Ольга"
"MacBook Air 13 M2 8 256 (Midnight)","0","10","131037","Волков Владимир"
"MacBook Air 13 M1 8 256 (Space Grey)","0","10","103756","Иванов Иван"
"Ноутбук MacBook Air 13 M2 8core 10core 16 256 Silver (MLXY3)","0","5","129999","Сидоров Сидор"
"Ноутбук MacBook Air 13 M2 13.6"" 2560x1664 -M2 SS","0","3","137073","Кузнецова Анна"
"Ноутбук MacBook Air 13 13.6"" 2560x1664 -M2 SSD 2","0","3","135756","Попова Мария"
"Ноутбук MacBook Air 13 13.6"" 2560x1664 -M2 SSD 2","0","3","135745","Михайлов Михаил"
"Ультрабук MacBook Air M1 2020 13.3"" 2560x1600 -M","0","3","98753","Смирнов Алексей"
"Ноутбук MacBook Air A2337 M1 8 core 8Gb","0","200","102375","Волков Владимир"
"Ноутбук MacBook Air A2337 M1 8 core 8Gb","0","100","101125","Волков Владимир"
"Ноутбук MacBook Air 13,6"" 2022 M2 8 256GB Space Gray","1","1","96510","Попова Мария"
"Ноутбук MacBook Air 13"" M1 8Гб 256Гб (Gold)","0","4","132604","Николаева Наталья"
"Ноутбук MacBook Air 13"" M1 8Гб 256Гб (Space Gray)","0","8","130614","Попова Мария"
"Ноутбук MacBook Air 13,6"" M3 8 256GB Starlight","0","1","120423","Смирнов Алексей"
"MacBook Air 13 M2 8 256 (Starlight)","0","5","102000","Петров Петр"
"Ноутбук MacBook Air 13,6''M2 8 256GB Silver","0","1","96526","Сидоров Сидор"
"Ноутбук MacBook Air 13,6"" M2 8 256GB Starlight","0","1","96526","Кузнецова Анна"
"Ноутбук MacBook Air 13,6''M2 8 256GB Silver","0","1","96526","Смирнов Алексей"
"Ноутбук MacBook Air 15 15.3"" 2023 M2 8 512GB Starlight","0","1","139442","Волков Владимир"
"MacBook Air 15 M2 8 256 (Midnight)","0","10","174058","Смирнов Алексей"
"MacBook Air 15 M2 2023 8+256 ГБ","0","10","174058","Иванов Иван"
"Ноутбук MacBook Air 13 2024 M3","0","10","163294","Михайлов Михаил"
"MacBook Air 13 M2 8 256 (Space Grey)","0","10","136798","Волков Владимир"
